"","call_out","class_size","experience"
"1",30.4959793479203,23.6128823470703,14.0264569172592
"2",30.2993870951536,23.006321454722,13.5801030241485
"3",28.2099091513909,21.7666901578595,14.0024056933081
"4",29.6154092265798,23.4417653309984,14.5110198489083
"5",29.6138562808523,23.6545349860865,15.5190723389553
"6",28.6154683790625,20.59054068862,12.7330743409948
"7",29.4506054772109,22.6413467634303,13.9527465549661
"8",30.9326473956438,24.7172109822129,14.45842532294
"9",30.4011832122671,23.4765860872468,12.512649807166
"10",29.9199640554594,24.2517978417785,14.7798022075117
"11",29.0136800069606,21.6006853453068,14.0777246850958
"12",29.786443307808,22.7826326731565,14.8663057125916
"13",29.1923109068116,23.5109502313714,15.3732560466929
"14",29.5748012417436,23.4886469277379,14.7689993285149
"15",30.4620707454416,23.9594675814377,14.9987195383057
"16",28.9236447779934,20.0830344665811,12.6532294164051
"17",30.0343346815695,21.662692430356,13.1326978487051
"18",31.7747513589798,25.0619088519989,13.9369385349396
"19",29.2159192397168,22.1779027445259,13.2581097058157
"20",30.9396873928359,22.7935806628803,13.5437197242726
"21",31.2815360087542,24.1690445125525,15.168303641984
"22",29.8106155106305,23.6053116942181,13.8631355546837
"23",30.7108003351866,24.1927317769608,13.6117721788687
"24",30.8977159470081,23.391295081873,13.634658191202
"25",30.6898346310964,22.9610886118038,12.2815298587061
"26",31.167295771981,24.3291457097622,11.4338197590101
"27",29.2342412631266,22.1403584245543,14.0518259445114
"28",30.2044508899352,22.6490595846475,14.560233341871
"29",31.2095354036666,23.4874098124302,12.4171084080095
"30",29.1371590444866,20.9698690459254,12.7495625908576
"31",29.2848924315747,23.3143812132257,15.2404469628676
"32",30.2224750619043,23.486066212739,14.3837897108078
"33",29.3215281285327,22.1826340898939,14.825570081308
"34",29.0442689652844,22.6123811803928,15.1116063081064
"35",29.1463613702945,22.5013862106324,14.7600480988604
"36",29.4579738976594,21.928222983131,13.2195284278794
"37",29.1271901419689,23.2245336793097,15.2366589308423
"38",29.9630919079694,22.7320517490113,12.6771615162186
"39",30.2290502200326,23.1804830185275,13.4071118612989
"40",30.1099495770678,23.6880537539188,14.0962410800787
"41",30.9225474254881,23.4772513326161,14.1909736761298
"42",29.9473042088121,23.612880686065,14.4009376747079
"43",31.1301890835034,24.5002909638557,14.4492460032623
"44",28.2839148578461,20.4465351448698,14.0167731808653
"45",28.8270038720968,21.5096853079231,13.0827448172039
"46",31.0049860136405,23.7000772312962,12.481415492111
"47",30.3973195058531,23.5383339945299,14.4518279663324
"48",30.494482765508,23.2264520987286,13.4272387034469
"49",29.260567909305,22.4236748938429,14.6427309384274
"50",29.7659014546522,23.750683917414,14.9940902873675
"51",29.6440410159648,22.6599608593012,13.3599763692406
"52",30.0993832811384,23.2578516369793,14.9369144082762
"53",29.4634494688822,23.3683781443338,13.0804265252694
"54",28.9169480641726,21.7539627027572,15.1222269758231
"55",30.2823399417571,23.152864445011,13.9974273163977
"56",28.2375939553128,21.6471100273798,13.4674152674005
"57",30.9750408877036,25.1763428183364,14.2350101604645
"58",29.1560621805873,22.9718020947505,14.7530602813159
"59",30.2032748259437,22.3071688901683,13.3316115864525
"60",29.8769129535085,22.7395398379606,14.1407227391578
"61",29.3758811744303,23.7171293580469,16.4773943324112
"62",30.598727346196,23.0996895578209,13.1644988265451
"63",30.6341028961901,22.9526979113695,13.884297821099
"64",30.8512110369876,24.4878978015451,15.0215601502359
"65",31.0760913231995,23.5592137418436,12.6063893664527
"66",29.4405792289984,23.7474073979868,16.3109243478926
"67",29.5688769144078,22.3818223376265,13.4746639702068
"68",29.52031422582,23.1833223182327,13.300445330022
"69",29.0734194292737,22.1967240870565,14.2161407270351
"70",28.4781828506703,21.088576304257,15.8767964581074
"71",30.1944519931531,24.7468654391182,16.9141486171624
"72",32.3546510407774,25.1040912996677,13.8564094174511
"73",28.8912651199104,22.4298058274225,14.8418644594073
"74",31.1478047712142,22.7577603480486,12.6547604489649
"75",30.8218395454825,23.5138842215547,14.0109407587983
"76",29.1697298871679,21.1703244099302,12.0501565116746
"77",30.2125336565524,23.2291718618539,13.6323851759495
"78",30.9613071532885,24.7668589526578,14.9799204752012
"79",29.6485980236791,22.9382158517282,13.7752720942544
"80",30.2686551051484,22.9800710510597,13.9654895254125
"81",30.0480700173228,22.9574833489437,14.0653556913092
"82",29.8946730365686,22.3669334283504,14.1164146781434
"83",30.2148834941668,23.4970403655811,13.9225747735337
"84",29.131446330736,22.164533615366,12.5839549869985
"85",29.7844717339889,23.4408477935549,13.2600859256489
"86",29.1300843174383,23.1051768350848,13.502875409127
"87",29.0737130693142,22.0801511415502,14.9464010720334
"88",29.5601249126278,22.6964512339975,14.323114501969
"89",30.5396013619884,22.8361759647338,13.2618895247809
"90",29.032862003297,22.1153783361814,15.2413386790249
"91",28.7963866601886,22.736654726975,15.3865731040142
"92",29.9554714228885,21.6435691972661,13.1274803988368
"93",30.2455366197376,22.4023635512237,14.4749703062349
"94",30.7031502649435,23.2285618490416,13.122483677353
"95",28.6730117076573,21.59916236558,13.7942026066374
"96",30.6929911475579,23.5667537370762,14.2907030161018
"97",28.0308422343019,21.184017196165,15.5398719017312
"98",28.8032071221824,21.4891619106994,14.9580666673004
"99",30.4424332911535,22.8372984820435,13.5042762845091
"100",30.8774361193742,24.3891078721838,14.7586941471429
"101",30.6933171973571,23.9621453356392,14.8119296570521
"102",29.7323439748746,22.4684361727343,13.090928393302
"103",29.9951880803499,23.5484214004224,14.1221867649349
"104",30.074693703742,23.1785400641985,12.6321846317734
"105",30.4701055280501,24.74371667834,14.955672852369
"106",29.9284831245404,23.2348591591379,14.1990361888296
"107",30.8060519844918,24.0021100954354,14.8439268913086
"108",31.8204196022454,24.420928341186,13.9909063052219
"109",30.4075141418684,23.2672016461321,13.8004553330816
"110",28.9953244471599,22.5307747580991,14.9549160162098
"111",30.2156850313604,23.4740312467452,12.5837187139467
"112",29.46311315983,21.9460909787877,12.7898346584619
"113",31.4074009854763,24.3862466670925,12.8296230473186
"114",29.7188645049874,23.4470869792005,14.0864478098645
"115",29.2689659737867,22.6157626732361,13.6371327855899
"116",29.6446239401311,22.6404722518573,13.5996731770684
"117",29.7410990183354,23.3498096152615,14.8652576328197
"118",30.9332672046739,23.1168918843482,13.4642465104408
"119",31.2732203225702,23.6528571556262,14.9233829978234
"120",31.165775502363,23.5003887338815,13.0200168399455
"121",29.8789925196782,22.8187313699078,13.7782501322677
"122",31.4014213242355,23.1259144582567,13.1352413671776
"123",30.6445992993441,23.1412209157154,13.5158659023704
"124",30.3952254404081,22.7150053971194,12.8489153270542
"125",28.4691298917854,21.2638317570424,15.0996929242349
"126",30.1644432148137,24.3989924591875,14.7557064192776
"127",29.8449184305072,22.8139898376752,14.382412214763
"128",29.7921084755025,23.6081274742004,15.6486977167761
"129",31.2763634768746,23.0049112984573,12.2635505319235
"130",29.9315754438161,22.9484718902862,13.1737129008265
"131",28.4271613561803,22.0444725391282,14.8582553261298
"132",29.7636190702673,22.6153425655922,14.8507714817259
"133",30.0180323202035,23.0150510137926,14.3616299214915
"134",30.089577767743,24.2394750678831,15.4473754442693
"135",31.6587668312388,25.6795085771287,14.8962232262191
"136",28.8342112600467,21.5848048849215,12.8594417968888
"137",31.5229280689415,24.0656297177444,13.2120249564851
"138",29.5746379819971,21.6049027328084,12.9394349083399
"139",27.9264380308978,21.1744129270371,13.4369291507061
"140",31.5264725547557,24.2477270209485,13.8824313977456
"141",29.388010119562,22.4252222124372,14.5834990118166
"142",30.3687727382365,22.8740116960416,13.2077862757202
"143",31.5472573834425,24.475703844067,13.8489653801433
"144",31.3723717954397,24.2024379237234,12.7949778483731
"145",31.0405600623879,24.983904789119,13.5377812625636
"146",30.3477006825563,23.6649513243983,13.8781024515448
"147",31.0940479142007,24.5106213454414,13.1414318016117
"148",29.4235530180406,21.9924895543406,13.2968940175732
"149",27.5858188765919,21.3322899369528,13.9772138496223
"150",31.2645024232346,24.2891393607954,14.1161276277114
"151",29.831081429248,21.5842877356754,14.0220189107833
"152",29.5601599589102,21.9249854258493,14.0472005418614
"153",29.9971711242471,22.0604146599258,13.192231173198
"154",30.960105783972,23.7735232455527,13.269291125979
"155",29.9590263649833,23.2444552527346,13.8670319887275
"156",29.9889799564798,23.2773330684307,13.0665806732646
"157",29.6303855567294,22.2106716112214,13.8698321470928
"158",30.629046807312,22.7255038235062,12.931865046131
"159",29.1959906148095,22.2392653868361,15.0910891714763
"160",30.0385260262612,24.3513103461476,15.9167302581892
"161",28.9257694708808,21.9751953843094,13.8630992664321
"162",30.6259654467688,24.4497631384898,13.9700312480762
"163",31.0930300340491,24.7538294259365,15.1311082974756
"164",26.6709727215514,20.1644387437564,14.4799541161316
"165",30.1041060172477,23.5248533254175,13.3537929478726
"166",29.385903742792,23.2469442426663,14.5727153722313
"167",29.4276237317388,22.08332092117,13.2680830328333
"168",30.5337682178094,23.3142893840702,13.7183968760854
"169",29.7493447028647,22.1273601172638,13.7231590663351
"170",29.2514311444145,22.7226553941394,12.9702175885844
"171",30.5435250602775,23.0158706012513,14.5089021473802
"172",29.7328966595543,23.0869362911175,13.7865839596374
"173",29.9455109121022,23.8140988369956,16.0877778193333
"174",28.3918368853171,19.7604842886872,12.0326139008781
"175",30.4617988183237,24.1083351972479,14.2990466693969
"176",30.8979494542801,23.8633385278626,12.7929449322534
"177",30.0371084506201,22.8049718325719,13.7634682201154
"178",29.4986357494981,22.5579741547587,12.923283963956
"179",29.4358203115549,22.9300095275036,14.6315529734965
"180",30.1123711115134,24.1562629378125,15.0465369895399
"181",31.0563482982079,24.0811941416227,14.1835566939054
"182",29.0165193936707,21.3554955930501,13.5831836272647
"183",30.4665648844785,23.7148784101143,15.5493554656049
"184",30.7755359466694,23.7767950852261,13.5559603976613
"185",30.1941038565079,23.30079574488,14.0907852805358
"186",30.175779059829,23.173938392619,13.8866494797591
"187",28.9299623438115,21.9364349907208,14.1142672501609
"188",29.862036363914,23.0028009572752,14.0783893814607
"189",29.1681378115203,22.0891388084706,13.1569788858886
"190",30.4397104083706,23.859084360309,14.9702324534078
"191",29.5999585810886,23.1973976787101,14.6096443286238
"192",30.3001877157276,23.3281688345491,13.9760297343074
"193",29.8147205611389,23.3090249372187,14.9157261041492
"194",30.6590643564276,23.5963604551951,12.4355727749582
"195",31.4608743115787,24.3409681226432,14.776091791952
"196",28.0951271187303,21.2613163174525,14.8070855899247
"197",29.2942938319169,22.7430572908244,14.6136762629543
"198",31.3683466646158,23.8217206116429,13.2581250659747
"199",30.4003472791767,23.470045410737,12.9600950808247
"200",31.6370810528882,23.4238764200587,13.3441742268752
"201",27.9107660480727,21.3382856728536,15.6837471275622
"202",28.5766513527609,22.3254070682851,15.3878089242455
"203",30.4060114356432,23.6004305135247,15.5253071191541
"204",29.5186577428612,22.4541441112893,14.1187859290871
"205",30.3197652030558,23.2005442302022,13.0951819363739
"206",30.0145297877652,24.3174379881209,15.1026550128027
"207",30.8734331884574,23.0982441514885,12.2907995253743
"208",30.735534879923,23.3296537546478,13.7443308271664
"209",28.4325725721238,21.6946587473886,15.0924499730241
"210",29.8098572391164,22.8980039967322,12.7245872832758
"211",30.1043392703658,22.183862825895,12.6000450322343
"212",29.5946203123129,23.0990518846988,14.4740665844727
"213",28.6839537301338,22.5404140107278,15.9012104041113
"214",30.8511460471393,22.901043063732,13.3092881425468
"215",31.0934248340341,23.5390209385047,13.0947140179298
"216",28.5755153756195,21.0169227553557,13.6550678450953
"217",30.11537618902,24.1644517682543,15.1882745865641
"218",30.807801534363,23.3150226068782,13.141014347546
"219",30.9159975582979,24.0929582686814,12.6807286145507
"220",31.5098412274878,23.6370792354894,12.9561559787032
"221",30.4202236102224,23.44770684502,13.1888430184834
"222",29.1599686041878,22.4809567427681,13.4782017424599
"223",28.674386520017,22.4409482384005,14.8048805809423
"224",29.4461906896699,22.3444923722107,14.5661614239027
"225",30.3596127925873,23.4708296007143,14.3651153525727
"226",29.5049687085881,23.1503221968489,13.1910558276659
"227",30.1093081904578,24.3966709531084,14.2391881230974
"228",30.8346708523186,22.5236771717814,10.8558669838929
"229",28.8456358467633,22.8540262957057,15.2308842039062
"230",30.9779013719553,23.9750658555939,13.8972335754402
"231",28.0077751827923,21.2182235636433,14.1264145585848
"232",29.9477514686027,23.3646534504997,14.3768013618196
"233",29.9545740106197,22.2615825193169,12.9331529709829
"234",30.9194886500178,23.2629890783687,13.2560319189915
"235",30.4504013956703,23.6459329538876,13.8898970343284
"236",31.5057184162244,23.4533679397987,12.182308459582
"237",29.7475275608897,23.5505141047538,13.705193775711
"238",29.4214385661249,22.7759238302503,14.0056764967432
"239",29.7740854010261,22.5385127434634,13.861276700134
"240",30.7670940423249,23.2684675288269,12.5013258879708
"241",30.8241741532438,24.0241428534659,14.947907905677
"242",30.3271286138383,23.1152529443336,12.3140157100025
"243",28.852645275348,20.9075237806707,13.1229907771913
"244",31.3320058528995,23.6100542736825,13.2010788432897
"245",30.0966268739333,23.7325918341213,15.4389463728661
"246",28.1335283679197,21.3616626461479,14.6506185288405
"247",30.2894983154098,22.9952837483311,14.3163122819191
"248",31.2804205210061,24.1760549516395,13.3720862296133
"249",30.6916720109474,23.6354867282793,14.0949870891863
"250",29.2132156043263,23.0674679959119,14.6176605833933
"251",30.1455850266104,23.7671066625599,14.4851788722735
"252",30.5302560970609,23.9573395048509,15.1803603351896
"253",30.2515289269262,23.130694646965,13.0940807519233
"254",29.8479787257508,22.9281898847066,13.8403906959382
"255",28.6779382799526,21.498521987373,14.9814185952441
"256",30.0627666767192,23.3674186581796,14.776683030269
"257",29.0991187977238,21.7930457478505,14.0563323555655
"258",29.5801201352516,22.470454098609,14.9157150701928
"259",30.0909413208243,22.9415852888889,13.4170984605528
"260",31.4353931201003,24.3014485807662,13.1918171253148
"261",30.6741506061335,23.6340289423761,14.9248752458949
"262",30.2160853488609,23.0680386068835,11.8793635549346
"263",30.0266701502106,22.9622453620219,14.2661505852025
"264",28.6947405958364,22.1838824555517,15.2715985739589
"265",28.1824940442422,20.4688680519361,14.5202143812196
"266",28.4109909094382,21.9071406539352,15.0264263614415
"267",30.2314227362735,22.7944752617406,13.3126420472021
"268",31.3844425540227,24.9160744546414,13.5062732625636
"269",30.293644885184,23.4269071586347,13.8570069618449
"270",29.6538343283374,23.1534121234427,13.8760079180342
"271",29.4215366554915,21.6103546113676,13.1020811178852
"272",29.1000273520097,22.0595454672626,14.1364257088363
"273",29.3202551148266,22.1425584984964,13.3897941409169
"274",31.4406930171218,24.0437295669017,13.279243210777
"275",29.4221803269792,22.345871225265,15.3732966718427
"276",30.3186927094321,23.3206647121224,13.2573915184877
"277",29.9578490640782,22.7150977739179,14.0785382403435
"278",29.927514868805,22.9671694790921,14.1232415970961
"279",29.3479199983276,22.7784195622888,13.8270700681604
"280",29.5322291231328,23.6527018819247,14.5935939416058
"281",31.9169630056991,24.1907253146622,13.612067411519
"282",29.6417766759875,22.062776099028,14.5347896053651
"283",29.9862512978508,22.0321218359246,13.4042527398516
"284",30.0533564477254,23.3031288348543,13.4497421242243
"285",29.8490441799808,22.7193617717876,13.3795782133065
"286",30.2946624893496,22.6383379681696,14.7059700967908
"287",29.8762868676847,23.0915124081074,15.2422737017794
"288",28.6034350310963,21.2090893379481,14.1162949815884
"289",30.8184116136194,21.9130470475618,12.0365338099368
"290",29.6343727661139,22.7656769445217,13.1204345567648
"291",28.8266680649024,21.6953031572698,13.401169423198
"292",28.7623653686788,22.6446796065016,15.3707544132059
"293",28.7810772319417,22.1279509473244,14.4245143967387
"294",30.1797824669145,24.3748431139536,15.1955521948423
"295",28.0522423790074,21.3529812307157,14.977124035856
"296",30.00626495475,22.3736162474837,12.5271296927423
"297",27.933339142192,21.7375807168251,14.9126795395131
"298",31.8060531419971,23.4978642914301,13.1010967542806
"299",29.9941762240375,22.967978930343,14.0135373939578
"300",28.2266535809958,22.3778727966087,14.0013345070945
"301",30.626920921062,23.6521128641518,13.6178670410155
"302",30.1452766967641,24.1076749900012,13.1792119720397
"303",30.7031843013452,24.6500609148843,15.5228593980736
"304",30.9924195031043,24.4517634338621,15.1679195270242
"305",30.3601609856466,23.1607049375817,12.9657505550635
"306",29.6560238944032,22.7908209256033,14.2818504902328
"307",31.9408619605155,25.1768912579795,14.5411621203234
"308",29.6184120874115,23.3322684083097,15.0661980468488
"309",29.1990382550458,21.2382372372987,13.6652710328352
"310",28.3650615477086,21.3249422962962,16.144743591781
"311",28.9875934383296,21.3813857417941,13.8023151815515
"312",29.4870261314682,22.1615137342756,14.4494627681488
"313",32.2143814181347,24.0881258009738,13.9155843712374
"314",30.6987198628861,22.8063382673081,11.9857455761646
"315",30.3925463444644,23.2224954410434,13.7898004818425
"316",29.1111309903732,21.8866752828626,12.0377981600308
"317",30.2387589766115,22.3305786755488,12.094614677477
"318",31.0662427172716,24.3678197196851,13.8760778198407
"319",28.3091964188103,21.6647204138439,14.8012970755967
"320",29.0723853594815,22.5450297199737,15.2060729276043
"321",29.7092106801194,22.9679667025604,14.4150799993044
"322",28.8047615012629,21.7108318556722,13.6848523944778
"323",30.7682983829534,24.4264238824263,12.5710417478396
"324",29.5875595932534,22.4593509977748,15.0932692424285
"325",30.544421853197,23.9002378408806,15.295331592436
"326",28.848499551535,23.1053352352242,14.7578945645778
"327",30.0499448429292,23.1327663494865,14.1918538910959
"328",29.7332366311456,22.0907952266505,14.2796403771724
"329",29.0045064124601,22.0591063765681,16.1358755219861
"330",30.7706340369158,21.462055202142,11.9106884144088
"331",28.8063410257647,22.6085884064437,15.1788476125269
"332",31.3899455032442,23.7820713525987,13.5991400486555
"333",31.1218403840108,22.883976195675,12.8762472410685
"334",28.2819544852941,22.1468707939342,15.153490855291
"335",29.8486677581364,22.1467516664516,13.2445122779869
"336",32.0330402136762,24.8978472725075,13.7600986883174
"337",31.6108139403329,24.0055359535433,13.919832333501
"338",30.2444325765629,23.1780417603068,14.1039145750063
"339",29.2457453861845,21.5504502460665,12.466952620525
"340",30.2016518509391,23.0473646571685,14.1786388858191
"341",29.18034254899,22.4846722572344,13.5954539059438
"342",29.2832540572178,21.7198921413304,13.686245923237
"343",28.3866937827358,21.1229463068898,13.3244018785717
"344",30.141603327486,22.3989473319372,12.985727135612
"345",30.1701864954736,22.6609178289654,13.2074048903022
"346",31.6684821572298,24.9935659365678,14.7025694740154
"347",29.6782753698187,23.3467204826476,14.6085435283922
"348",30.5067164702262,23.6424970917977,14.0815351925199
"349",30.7073863209338,24.6435197996313,15.2965099375628
"350",30.1923072966314,23.665246852753,15.5450964942874
"351",29.4268238981001,22.0057323393486,15.3793957404547
"352",32.1546152900022,24.1834406358364,12.3557663267417
"353",30.0143409142571,24.2170163788373,15.1003187147746
"354",29.6246800588559,23.0752140773871,13.7117408188629
"355",30.8896950294129,23.6945064711398,13.5110167769632
"356",29.8964124430496,22.5744130634058,14.4350028024691
"357",29.9336280807685,22.3441210878082,14.3382532662008
"358",29.8067787649241,23.079547767132,13.3977621323049
"359",32.3597254469053,25.4457748752262,13.9404081387282
"360",27.5781373402632,20.4884189440654,14.3092439760189
"361",30.2160329471207,22.984122062956,13.3912166813346
"362",29.0943509775598,22.5937041797227,13.810776761581
"363",29.9420141738807,22.3170299343238,13.4283795285942
"364",28.5413591891686,22.5712274079903,14.2324727932758
"365",29.3793847246053,22.0801653063017,14.2237077494121
"366",29.8505960127412,23.4198872820633,13.481455691362
"367",29.5178120637822,22.9211725221141,14.5134498135248
"368",31.021003189507,23.1536693919694,11.9738892874858
"369",28.9907170460935,22.4852360111893,14.4153900512637
"370",30.2418785493065,23.8933315369965,14.6575777266643
"371",27.7039476233834,21.0896239085363,15.5959137013368
"372",31.7360853569728,25.0659449329908,15.7814642202037
"373",30.5072753174995,23.152426215153,13.2606626239809
"374",29.1348948975421,22.0084951283381,13.244396656832
"375",29.3228231348086,22.8216318464712,14.3847860803981
"376",30.8707752261617,22.700339452047,12.3068744078826
"377",30.7617333744795,24.4700039389581,14.8063728008404
"378",29.5729989879384,22.7999629657699,12.8752656418547
"379",29.9905196215011,23.1764451760205,14.4171983355249
"380",31.9758475856396,24.2605559510859,13.256785550562
"381",30.2594479191161,21.9260112303557,11.8017884563306
"382",30.2021344480647,22.5542206292126,14.4926372172312
"383",30.5023669754842,21.8612129467799,13.278892566386
"384",31.0990590482565,24.1666757831444,14.6368603024147
"385",29.6852396182307,21.6457822373216,11.7912113937095
"386",28.9770163202571,21.4380451369651,14.4206358310231
"387",29.8167865518062,22.0113495489815,13.2163712480279
"388",31.5166192842046,23.9882663313013,14.9745837151133
"389",30.5602640382038,23.0237000559848,13.2199477861914
"390",29.5537509584678,23.0978141324976,14.971232272548
"391",30.8626998307242,23.2050230209197,13.4598156157708
"392",32.1318108537331,24.9255816310404,13.5165425369491
"393",29.1274187247909,22.7003677955031,15.6927297691184
"394",31.1754528806602,23.1715316470812,13.2594508723931
"395",30.1134381245969,24.5118515448341,15.4176228329462
"396",28.3259123374303,22.1817569631175,15.3100556028875
"397",30.4800562457196,24.3570962167771,14.9133693409692
"398",29.1367594935687,21.560398146507,12.0121134570808
"399",31.2473196194948,24.0443839669406,13.4774271549412
"400",30.343274092323,22.841370608803,12.4503889089522
"401",30.1752855214062,23.2143007703966,14.7758288065786
"402",31.3435328469034,24.2398852532238,14.9629164639935
"403",30.5000568055761,23.4727257580847,13.1516938847228
"404",30.1654944084607,22.731823688132,13.5515910476091
"405",29.5504430402788,21.6909974240084,12.6914568639231
"406",31.3155167107285,24.9907757634847,14.1640524912217
"407",30.2869502056813,23.833002559081,15.3142003085042
"408",29.2119356077965,21.8274382854819,12.5193908641896
"409",30.4085475550522,22.9991504517121,12.0023668810971
"410",29.2564442465662,23.6557071996566,14.948800400273
"411",29.8267887678976,22.7148599612744,15.6158714403362
"412",29.6819911341481,22.9362083229416,14.4171434832282
"413",29.2694989843038,22.5874313164288,14.3840209485413
"414",30.5070131475686,22.546414151175,13.5338006624887
"415",30.8812674993535,23.0303378473161,14.4387599361398
"416",32.422496328387,25.3372512614152,12.7165463826548
"417",29.6438332270408,24.1600798752795,15.7777236618694
"418",29.5994057545082,22.4560665807312,13.6904769571603
"419",29.377985762075,21.6038951789081,11.0151199809964
"420",30.3515898701093,23.8302461664683,14.2430591326314
"421",28.3494402083182,20.9393191414374,13.3154549674292
"422",29.5346480968654,23.1862524762045,14.8067005600694
"423",30.3971007746448,21.9027864150041,12.7565137578619
"424",28.8435178581998,21.7118539761952,14.1526087486411
"425",30.6948209158199,23.7675821323717,14.17421784936
"426",30.8486110101674,22.9529744306417,13.8673348810492
"427",28.1874717503709,19.7584212854508,13.0210411409404
"428",30.0238526867734,22.4957311405045,12.6120895926011
"429",28.4865810965594,21.2049237834924,13.6717559573184
"430",31.0393143132512,25.1376313690548,15.0145654116649
"431",30.0309742664799,23.2719328156783,13.7473677015456
"432",29.1916451404108,23.4875261140315,15.1608921138724
"433",29.8510232852791,22.6586942689135,14.3311830528881
"434",30.9576991484185,23.7514118955101,13.2110004648188
"435",30.0282702313499,23.3040479869137,15.1392766316632
"436",31.0813165441337,23.5536798346858,12.5718551744041
"437",28.8482312856957,23.2744411834904,15.4519634074588
"438",28.6269632743432,22.6303909943363,15.069252260221
"439",32.3059391600138,24.9505166802751,13.750351892483
"440",28.5774522590372,22.295258383095,14.8220809098481
"441",30.8477024359598,24.5021337943668,13.6714334354915
"442",29.2091807544605,22.7766648528449,13.5279094682192
"443",29.2462769880334,22.4075676624574,13.8006091939967
"444",30.322049680637,22.8629489941016,13.4065209221457
"445",30.4468496517609,24.1417000920628,14.9488990417379
"446",29.6675887627909,23.2073224889704,14.5585102566212
"447",29.5676259404735,22.5806215889095,14.0177185168703
"448",29.2513012416046,21.7446789674783,13.1857889164481
"449",32.1862564969907,24.7474019598781,13.8081051926429
"450",31.677389997456,24.0462377341177,12.5724265981122
"451",28.6495217164672,21.4171272975508,13.5952699472643
"452",28.7416430169228,22.9552551946338,16.2012666986376
"453",29.4466849970629,22.283071430726,12.68931077546
"454",29.3456264759269,22.041180028963,13.3566960921631
"455",28.834967327605,22.2526495024152,13.5658649271606
"456",32.9707161973948,24.8115862809911,12.8189523903197
"457",29.0600362094472,21.5200959307023,13.2787343095269
"458",30.0277791333608,23.7834336300888,13.4656654746689
"459",29.5538843860003,22.6661773649749,12.9395893727653
"460",30.3492504648157,23.6384405004901,15.266846692402
"461",28.60305513045,22.7779132237729,14.1176044897143
"462",30.4342946162174,23.4980565731421,14.7894744652047
"463",29.6779494593226,21.9151303815669,12.8506897886165
"464",30.2090307172748,23.5013611813482,13.7919839731277
"465",30.8784866793567,24.3181322818527,14.1337461354908
"466",28.51180143096,22.2482932980816,14.3022731536667
"467",28.9999888985778,22.608733325587,14.1015485162185
"468",28.3207525796925,21.1372978153218,13.4804307279646
"469",29.6366626717746,23.0183375077364,13.2583554879689
"470",28.8716626723073,21.9025214725138,13.9117535555789
"471",28.0151769084419,21.0466388806764,13.7532798942231
"472",30.2501561552334,23.5189991886236,14.6601029724334
"473",31.2652430082044,24.7634413796082,15.3401418589732
"474",30.1919031556267,23.6761767859084,15.2078030018632
"475",30.3207726977879,23.2218194512554,14.407484693785
"476",29.9002862760322,22.7825438950356,13.9498859537031
"477",28.1454203167441,21.843382190952,14.9766978817307
"478",30.3209413005355,23.0306826418556,13.1295229754242
"479",29.9413565637701,22.4712251620903,14.512293581701
"480",30.58714080037,22.9150001497448,14.2695496828692
"481",30.2696053202284,21.9529898501687,11.8299867543049
"482",29.3020319254784,23.701098413139,15.7768486805859
"483",28.8948676227149,21.2163970154416,13.1609147288251
"484",30.3745424235101,21.5833020259106,11.6777063782541
"485",29.048193272166,22.6083261266794,14.0855243962221
"486",29.5025390410329,22.101206098427,14.4542832204333
"487",28.7494472026034,22.5220744561189,14.0886262719789
"488",30.4970397986191,23.6126261099898,13.942727193406
"489",28.8347643603535,20.7840657498032,13.5003821677401
"490",30.3316101776471,23.5660809196425,14.4551322386919
"491",30.1580200461491,23.4893400168683,15.3562620831326
"492",28.6773527739598,21.442628826785,13.6013453293555
"493",28.5365255438716,22.1416570845606,14.5815010088118
"494",31.3894658153258,23.5725058332513,13.5707116414598
"495",30.9333811266943,23.6765235037047,13.7258695407
"496",31.1237697833956,24.7046319180785,14.4747086748421
"497",29.5034048251623,23.2266033726976,14.1766416177459
"498",29.765985936094,23.5476798308171,15.9178050124034
"499",29.5792183819972,22.6314810755716,13.7469613544038
"500",29.5229676494981,22.9337535310565,15.6495774814235
"501",30.8555249608426,23.1347955126185,13.5026370222239
"502",31.4201880140026,23.3839208344016,13.6960808056571
"503",29.0325175965776,21.9539490824298,13.9905483402633
"504",29.2886565217959,22.4088839273519,14.5110804398169
"505",31.3313373639113,24.6173895220752,13.9572841630117
"506",29.9123391951078,23.2994017171233,14.0308894659296
"507",30.2597334153303,24.5592136786922,14.0434162382437
"508",31.7790909130235,24.8034094168641,12.517094589287
"509",30.0244592406045,22.6305611978215,13.8881282924669
"510",30.4178034314606,22.9636870465551,14.7797888712856
"511",29.6845532847928,23.8047374996314,14.8026063517458
"512",29.9420887775968,22.7757064275292,14.4678468294449
"513",28.9882323598064,22.5896233507753,14.8837809140141
"514",29.9242507064398,22.9736575370795,14.9462048074946
"515",30.9642992636792,23.4041672162968,14.5926986775388
"516",30.5007092526273,23.7790756033174,13.4654980936119
"517",29.645780820644,23.5134843363384,13.5732963841729
"518",29.5811773350018,23.0355701791356,14.6482360253795
"519",31.2059825146374,23.5935847657801,13.340321768836
"520",30.4144315203163,22.9015930982383,13.9266818003297
"521",29.1864213913938,21.9934122596317,14.2502871152275
"522",30.1954522442771,22.4984686521089,12.4464971426469
"523",31.3795276624102,23.0751163890531,14.4550853049957
"524",30.4512699196839,23.2588553826605,14.5675612737624
"525",28.8342128875836,22.067282297866,14.2253730227871
"526",29.3709729830224,23.1802617945653,15.8843744498926
"527",29.0075455299738,21.6496565088368,14.2848176727256
"528",29.929234296483,23.0037554891079,14.6413042178336
"529",29.5557819949566,22.8504435115846,14.6230856798533
"530",30.5257416449517,23.7657491101767,14.6030937358913
"531",29.4955199481018,22.5194280698746,14.6272911390868
"532",30.3647551770345,23.506437707474,13.6043485257832
"533",31.2718506826859,24.5452271637055,14.0910046396649
"534",30.045634532297,22.8098873621665,14.3669621982331
"535",27.9968162310646,21.455312940879,14.7536552354512
"536",29.3196685804807,22.430254134184,14.9884496597391
"537",28.5474583279912,22.5136952845626,14.9506366261358
"538",29.8693324132403,22.4752514101065,14.1983576559938
"539",30.9208080747879,23.1074436297885,13.5939374779238
"540",29.985289874067,23.8064354554042,15.1514362971544
"541",29.8840434901897,23.6154757984462,13.7937197839781
"542",30.5551196350811,23.2015849600711,13.5394308582225
"543",29.4492038108543,21.9439068479178,13.3347288948425
"544",30.7690597958776,24.5185626978233,13.7325896388721
"545",29.2732765720493,22.248482279561,14.6878429090139
"546",28.7675781133006,22.230239472827,12.945277304205
"547",31.082397431156,23.7049271102416,12.2832678548378
"548",29.7583964282493,22.1375712976226,14.5459345128062
"549",27.8957023939729,20.3367227541661,14.0206776246714
"550",30.4611237492106,24.0062833824182,15.1296465589327
"551",28.5924608822963,22.4380079615829,12.87913643101
"552",30.8966605302119,23.0660916446799,12.3094799864545
"553",28.6759587755714,22.2190454477437,14.1395466217269
"554",29.7319210978301,22.9531894859142,14.5222025203417
"555",28.4186092889157,21.5613944934838,14.6465967152066
"556",31.530235732236,24.1518013763491,13.5090458072753
"557",29.9482670395766,23.2628598053209,14.3108373019196
"558",30.5331209209358,23.1996389876797,13.0990442129337
"559",30.0576891265014,23.373589773578,14.10348466695
"560",30.7036843868914,23.2036634005537,13.0380223876841
"561",30.7145215133977,23.5695014988902,12.9193920050141
"562",29.5751938960658,22.3923049475032,14.3381809507104
"563",30.7942858431431,24.3438805616243,13.965911050839
"564",28.3186608624908,21.6236882103802,13.4628066752515
"565",31.2475151349936,23.4631436199864,12.1702751034946
"566",29.8725694541829,22.6052685333593,13.0038968727605
"567",29.7447945711559,21.634323749403,12.3065287261842
"568",29.0586514347076,22.8666864154157,14.1237529633982
"569",30.3092430604742,23.442324624168,14.4961899594685
"570",30.0169046607642,23.4248193057264,15.8437313385175
"571",28.9257652068438,21.9873031121375,13.3319342967333
"572",31.6312120913511,23.9393505382826,13.2116053813658
"573",30.9618691682365,23.4706677046053,13.7604191553306
"574",29.8116786086031,22.6776395205183,14.3851962703015
"575",30.2311248114839,23.3241041533821,12.9891511206638
"576",28.527401513013,22.2157458952004,15.2485620652976
"577",29.4544144736031,22.1778774157634,13.8726054846048
"578",29.5122862258997,23.6440516936952,14.7962570717886
"579",31.384285084628,23.8871948486897,11.9171146132627
"580",30.1022445856367,22.8053505423536,13.9075416979834
"581",30.5349149432254,23.1809103031095,14.3555243662428
"582",30.2147353942784,22.8241288569212,13.5390932422388
"583",31.0628832523975,23.9739816809042,13.1442073107923
"584",29.4154061712047,22.4439565988852,13.4694800227746
"585",31.4555905946517,23.5404541214693,14.0088869598927
"586",30.0410101261266,23.7761739068261,15.0946684264852
"587",29.8740097094395,22.1016353514414,13.2160240411885
"588",30.4979346724027,23.9094265123655,13.5507507909913
"589",29.2336416173095,22.5123272497943,13.6001525473816
"590",31.0707587617827,24.8210732560831,14.9121836324738
"591",32.6573111022687,26.1875456700583,15.0484240842961
"592",29.7166678252841,22.5920252899765,14.7080291392982
"593",29.1830142930254,22.2751191738657,14.3098964859664
"594",30.2835412402002,23.6906897024939,15.2664200894415
"595",29.5239630577617,22.389948198013,13.6981325370058
"596",31.2053072613877,23.9317452657265,13.6460904870469
"597",29.7001131490853,23.8475899432939,14.7996398259721
"598",31.8851159704513,24.7600136140637,13.5384649014584
"599",28.8438018821764,21.8048866242844,13.8711336504294
"600",28.1411099613324,21.4560324993402,14.6994611137378
"601",28.8467895631639,22.003357552467,13.8198622785621
"602",30.2931223866744,23.3810164910047,15.9605591964736
"603",29.862215514428,23.0642102942735,13.5326465376535
"604",31.3288654755016,24.7855624838577,14.4184804055346
"605",29.0356051232265,22.4814255713841,14.1390065025575
"606",30.0362837789622,23.7748199584836,15.1711092543077
"607",30.6764940246001,23.8488106137484,14.7443913065277
"608",30.8882853936946,24.4951705550113,12.7224445940474
"609",30.2249054815923,23.4194125351557,14.1596710810533
"610",30.7634656113782,23.764329138017,13.5802427284444
"611",30.0738511170012,23.8061732861524,14.2337213860108
"612",31.1438741597429,24.1030634946352,13.5814930143777
"613",28.3933302452927,21.6224112965965,14.9703977039854
"614",30.0855326667451,22.9111114902456,13.9128614814522
"615",28.7658663463969,22.5313048543654,15.1659848595904
"616",33.0449347400477,24.9303281966677,13.7940721710837
"617",30.4621050220026,22.9563762547528,12.5810698738877
"618",30.2752586243402,23.948529978816,13.6041249845834
"619",31.0791596982533,24.0789894839036,13.2609550605954
"620",28.6445536578584,21.850252979595,15.6199236619015
"621",31.2802795390384,23.9728099865819,12.4081753167274
"622",29.8331085593144,21.9224972020206,12.1435010798508
"623",29.0497686020139,22.5186617171422,14.6474523706923
"624",29.5920205972568,23.3655250295919,14.8702812745385
"625",31.126137606063,23.6670100439889,14.321113714874
"626",28.5440074920334,23.1066729093094,15.3534495313649
"627",29.7604044532198,23.2092418448899,14.9041805948369
"628",31.0607818488785,23.6179620216605,12.7861906311601
"629",31.6130580635744,24.2876437644203,14.6373866133417
"630",28.0107078053938,20.9202624921703,14.0448960437773
"631",30.8177353672671,23.8126133085992,14.9663100719783
"632",31.7764644525513,24.9942490909438,14.4262857517698
"633",29.288754941386,22.6902424218827,14.0155132291768
"634",29.7076604447613,23.0616086411131,15.1473777399474
"635",31.069033179282,24.3455412407826,13.2262010734393
"636",31.5213541175428,25.3947098581109,14.2591564736117
"637",30.5787044540066,21.9226676657533,11.9109211910027
"638",29.0279352654775,21.521774194008,13.3585064251648
"639",28.9961097583961,22.8423851490602,14.1495766473284
"640",30.3711769445667,23.3730483361141,13.3025139432816
"641",31.1577911013674,22.5537314880211,11.2899805866778
"642",29.868027000811,22.3663951847792,13.3171647580605
"643",29.6176954819076,23.5964691634362,15.529242596581
"644",29.2583687961757,22.1704131355708,12.9307319146552
"645",30.3067546035859,23.4781424122775,14.0128495880039
"646",29.3827090873325,21.8021251771473,13.8952694701762
"647",30.6683554334328,23.8733763212311,13.7110508936582
"648",30.5620531521573,23.0116406007656,13.8419746779705
"649",29.4484000163317,22.1411771653547,14.1605756099334
"650",28.9890579758916,22.1267320708153,14.144364334319
"651",31.6119910857496,24.2704073834874,11.1621697757406
"652",29.700001485111,23.0875459075164,13.9398454824301
"653",29.5557950487778,22.3634691208433,14.3728610622686
"654",31.8046678754749,24.0539242780175,14.1695596644085
"655",29.6268625902181,22.9281059118036,15.5318159752679
"656",30.5645461717136,23.9713891816992,13.6824889661491
"657",29.0473212756177,22.1453789856737,14.5820369293556
"658",29.4956017231571,22.0420850383677,12.7581297425686
"659",29.1139038925914,22.4785641839442,14.2568535962176
"660",29.7422113299598,22.520309609985,12.4357872297436
"661",28.8276775872358,23.1902833330387,16.0652212423103
"662",28.8906660577813,21.4419028068901,14.158748928125
"663",28.5159192001959,20.9699560212188,15.1195938454211
"664",30.1463627667175,23.0573392832039,14.4825569566698
"665",31.9992074786799,24.7479853274776,11.969075876358
"666",29.7654844367643,23.3131742232202,14.3737672823471
"667",30.384754458484,21.9252800728027,13.2764132076075
"668",30.0052230601306,23.4222262418197,14.3384138539297
"669",29.3103091575869,22.423137960048,13.4908384690363
"670",28.9646752794447,21.9318980112455,13.5988565321747
"671",31.0381737951858,23.0955224725957,14.5085749781404
"672",30.3411165474115,23.3282162742148,14.301614188692
"673",29.5651869102495,22.6110409106214,13.8477754060628
"674",30.8482758233149,22.9580144626075,13.261135424092
"675",29.5651479232561,23.3044380934315,14.0553734392469
"676",31.8752662609561,24.7554215899468,13.3664808743527
"677",31.1771665312657,24.2223035265737,14.6617168464158
"678",31.0679702075491,24.1818737643965,12.8861558887101
"679",30.7206825372201,23.819761330976,13.5791840986741
"680",30.5968656342758,24.4223566812514,16.0007898017351
"681",29.3982862598957,22.459516687023,12.7374961793206
"682",28.5438113794859,22.698236849195,14.3630821476768
"683",30.6035943692078,23.8751766043168,14.14470248534
"684",31.4836170077249,23.2600064855421,13.5090138130005
"685",30.874095612359,23.8242810174111,12.9323849664733
"686",30.1851575706499,23.0995445652893,12.3406113732205
"687",30.3114854871717,22.6796348064527,12.5700900199516
"688",29.8450146284453,22.19139923263,14.0282686332392
"689",29.9909902543257,23.9903444198822,14.990773179338
"690",32.1550923852954,24.737231810839,13.5115658937971
"691",29.9024128493118,23.7552955915314,15.4097269298194
"692",28.4293070300419,22.1394709405439,13.5560815701548
"693",28.7873022273177,22.1800033335452,14.8914911177054
"694",30.8356697163627,23.6766568479864,13.9254094491647
"695",31.418475901795,24.5718010668417,13.8669201005646
"696",27.6341730794421,20.8621175142514,14.9285351691806
"697",29.8912193143116,23.6445189211677,14.5943290015306
"698",29.9296548602582,23.2379075729848,13.886566814936
"699",29.4857357759995,23.0383498435388,15.0276389111841
"700",31.8393172389545,24.3396342846785,14.1406374956033
"701",30.3851023827967,23.9443644593124,13.6273092319184
"702",31.3134441724356,24.5026711664915,13.3543844613496
"703",30.7590905339596,23.1225868964793,12.5798645767961
"704",29.6412963402799,22.9112503030546,13.281040649108
"705",31.0236026492709,24.4088891955508,13.201282543509
"706",29.2880956746485,22.9080325577856,15.0290435792259
"707",29.5406368986947,23.1652550155286,14.7806949316632
"708",31.0693871565893,23.3643242793379,13.0314975006794
"709",29.7250363280653,22.6961282393145,13.5704636723918
"710",28.7914178405578,23.3468307717593,15.7042241448399
"711",29.6652110624709,20.9512780366038,13.2430594067215
"712",30.0764400614812,23.3686478021758,14.0536774763198
"713",30.6374341676007,22.6636156360939,14.5029042965226
"714",29.9003921933021,23.0860466795522,13.3938806310961
"715",28.8380733799604,21.0529253754348,13.1785131553234
"716",28.7873640154659,21.9846680846049,13.8834687828486
"717",29.2384905810973,23.0831145066886,16.9164181797877
"718",30.1381437411802,23.3511927600484,13.7419607929453
"719",29.6519308417389,22.582655801167,13.8955248369713
"720",29.724286024214,22.5915630875498,14.348714119307
"721",31.0191824329214,23.5403938594182,12.5478451977073
"722",31.4457726367589,24.9959853416136,14.1279118252506
"723",29.2745241343926,22.757680800726,14.8482312157812
"724",31.066039169867,24.6371716121029,13.0145977061171
"725",29.9453741752974,23.0671073583376,14.0341167816243
"726",29.6725469420745,22.6928479019879,13.5353940304801
"727",29.4061060581433,22.7653346163561,14.8226516611508
"728",29.5603792881014,22.5331140169679,12.2999214405433
"729",30.8743468806366,23.4277420183654,13.6437356410946
"730",28.9818329256721,22.3813624241711,14.8736449842312
"731",27.9311223598558,22.3556141390337,15.9913924048314
"732",29.5198655493589,21.5726808467041,13.5373251953879
"733",31.9349184900082,24.3211459079117,12.3532479345047
"734",28.2441830015724,22.0909092893547,14.1148986796061
"735",30.4269287829678,22.6839523399725,14.1017660183448
"736",29.2959431238507,22.9599734076035,14.8090409221385
"737",29.4524428634097,22.3574742521449,14.0949599830647
"738",30.5232261339647,22.4999038502642,13.6074200152001
"739",30.0818722900397,23.6703949501202,15.8453671076582
"740",29.0529953465811,21.9478851747715,13.9924530346694
"741",29.3058518885567,22.6555669481803,15.0742493164472
"742",28.8606588871636,22.5264956920541,14.9389729051328
"743",27.9391590266895,20.5037862913588,14.3795225851555
"744",29.2783294098905,23.018835782629,15.7965728674134
"745",29.739403254499,22.4968031590586,12.8932018354612
"746",32.0855196168731,24.7182724448009,12.4027967828511
"747",27.4303466840624,20.9442152160091,15.9555316229921
"748",30.3622147987946,23.0241906173319,12.2740010987642
"749",27.8213279922455,20.9769411145613,15.3799522195619
"750",29.8210874950342,22.5585674976609,14.3905667764866
"751",28.2220874900113,22.1367569597296,15.0439371105788
"752",30.3319446645931,23.1402925837485,14.844183191667
"753",29.4725139835591,22.3587290499636,13.47842811864
"754",30.1923167636875,22.2153468817536,13.5753553699433
"755",30.2194862108219,23.3928491838147,14.7667222864669
"756",29.6967651290248,23.7862104480156,14.643562502037
"757",29.2752885023302,21.4980833493144,13.3186389246397
"758",30.0980818888967,22.8712780186257,12.6810867189535
"759",31.9477766717387,24.4920846215787,12.3323764314283
"760",30.2812233003862,23.084484393518,13.9710643654793
"761",29.7271890998333,22.2790993608117,14.2544587445349
"762",29.1103097736961,23.4767949907683,16.3376322060762
"763",29.3916053328198,22.6350084747703,14.7050602244546
"764",31.2804687811352,24.793156062907,13.1880311248259
"765",29.1805330515414,22.9315242557024,13.3704471110535
"766",28.6573566134198,22.3421018034774,13.5654816265551
"767",28.6201264369883,21.7955017602044,13.6950219957099
"768",30.5454286419609,22.5409934671166,13.0092506823801
"769",30.075417546048,23.563746494102,13.9672147772437
"770",28.5740588755991,20.6278604056112,11.2982979346203
"771",31.6358653440332,24.0888257638542,12.3687831261601
"772",30.0864107084709,24.0240644661773,14.6917413657956
"773",29.6860185081969,22.5202861422624,14.3414818187092
"774",31.571575748645,24.6167902867486,14.0757371414418
"775",29.9391761804011,22.3641793517205,13.5990108752413
"776",27.8513684676421,22.0902752408397,15.7841385621399
"777",30.0050521618451,22.9063052090523,13.706106563778
"778",30.2266190069359,23.4783986290911,14.4773665495832
"779",29.6368129583354,22.4909885698144,14.1978223195847
"780",30.2616335050672,23.4118265754162,14.3866092088647
"781",29.0723476428656,22.2626338336734,13.7371163605682
"782",29.2026679063878,22.5233366493119,15.5278684229266
"783",30.1238682084357,22.7121605434678,13.5498366606349
"784",30.8909493355717,25.2061044195632,16.3584958072373
"785",31.1875332759758,24.2055412820479,13.413079819844
"786",30.7509306966392,23.4046413893238,14.0337409030233
"787",29.6906138390455,21.6571704750453,13.8391261394216
"788",32.1889553704156,24.7097361347542,14.2870129838388
"789",31.7018244349188,24.8587825758727,13.5756702208248
"790",30.5582611371673,23.8581092451044,14.3999120512917
"791",29.4507137966528,23.0353253609297,14.7399318262608
"792",30.9855300130392,23.4713756729357,13.0220177155117
"793",28.9985450712628,22.6100225736918,15.0066474437443
"794",30.1649241072591,21.8630551611815,13.1534000525921
"795",30.0710470835639,23.2895395715451,14.0570572065718
"796",29.0317763123469,22.7289755316104,15.0570295560374
"797",29.7189925367193,22.0501308086789,12.5893302466506
"798",30.4212111968701,23.2644968448515,13.4293853502833
"799",29.9701150763219,22.4828079117465,13.761373707479
"800",29.6588957443833,21.4888413414146,12.2905522566038
"801",29.2952839099372,22.9522112483984,13.7357564087976
"802",30.3719223171914,24.2893574622158,15.0706273482317
"803",29.1777084707772,21.7767843245109,12.8655278794444
"804",29.1925564612476,21.328462507448,13.3984949354314
"805",29.7578725076265,22.6028490125221,13.7052552183389
"806",29.9837708537023,22.7373535771318,14.0414148340908
"807",30.0465141812831,23.1262725145197,14.0687724069081
"808",27.7881489010688,21.2454594093172,14.763013363828
"809",29.911810055092,22.4964490944877,13.8907707116573
"810",30.5260847384163,23.5571244654781,16.4544085298096
"811",32.4645445053952,25.0569001014872,12.8417429977405
"812",30.8100042625917,24.6208715334871,11.8943462680156
"813",29.9680784908011,22.6626536881913,12.3843766363878
"814",29.7617835211048,22.7874099971098,13.8456664219712
"815",29.4035382112552,22.8846482750252,13.3948903574367
"816",29.199028110778,22.6125757749245,15.2725243874128
"817",30.0635905334619,23.2284506892358,13.7002621028607
"818",28.9834535055327,21.7942687103304,14.5083850445183
"819",31.2413432860541,22.9724506952392,12.2993814860425
"820",30.7573649335386,24.384299637465,13.2161198658161
"821",31.344897269377,23.8630967817637,13.4449902053385
"822",29.6204776287113,21.5679866574324,12.993259262179
"823",29.9888838448566,22.863640936722,13.0328181500757
"824",29.08228201027,22.155945333024,13.2985385535412
"825",29.7354343860914,23.9946420112541,14.4913367686
"826",30.7591345400263,23.5347985381244,14.4641995760979
"827",30.7983792790644,23.1413197539145,14.7840746951018
"828",31.6579384054358,25.2330932734027,14.7799628951463
"829",31.4202871110187,23.6702781451689,13.475914516053
"830",31.5969734388334,24.4812248956261,14.8384644262111
"831",29.0236442252606,21.9326852444287,14.0674691862523
"832",30.4988964878614,23.9807544549431,14.9276953317728
"833",29.819763263362,21.3461390196181,13.2698772688955
"834",28.4718364105473,21.5084015108738,13.820102948889
"835",29.8345401454657,23.7939341738597,14.6795698235868
"836",29.89185740536,23.1279717855005,15.7953006050354
"837",31.5563713925054,24.6780054595385,13.3839242338548
"838",30.4675253049679,23.9256611625788,13.2812211526417
"839",29.8174629224764,23.271946976633,14.5735342604402
"840",29.5195770905612,22.8722447059245,13.8790444215151
"841",30.4979903700123,23.9025597330077,13.6798276632761
"842",27.9205328328035,20.2034274628835,15.278492193363
"843",30.3623709732661,23.8371844385938,14.9016914506589
"844",30.1525145895189,22.3976860247131,13.0690897199162
"845",28.9036183587141,22.7135144745306,13.5359106746942
"846",30.0035022728267,23.2377118013714,14.5740236261731
"847",30.3604561731614,23.1247143534523,11.5749889558404
"848",29.0005986986074,22.4756327376264,15.5889848085741
"849",28.6579327517462,21.1428380985946,13.9376627408656
"850",30.0077379582651,22.7080425885851,12.9518781049972
"851",29.3150911276485,22.6840009938801,14.2638278892377
"852",30.236907761265,23.6768882037603,16.240543030339
"853",28.8081887658362,22.0698933162062,13.5372843740257
"854",31.3081383555351,23.3709786547733,12.2767273500789
"855",27.8799463215639,20.7695643006085,14.6076099517426
"856",30.6699041677413,23.8370089211043,15.0171671129184
"857",31.4059102186892,24.2169125776284,13.2967561448261
"858",30.3313047429209,23.5148173339045,14.4845651165399
"859",29.5371518655979,23.5426273329821,15.032621646306
"860",28.7833551625811,20.6666540873343,12.9524035612889
"861",28.9313410918412,22.5557095254974,14.7707890123754
"862",29.6583409155428,22.8955753491189,13.4363414662725
"863",31.2627721471712,24.2963067805475,13.4958411304502
"864",30.4856705773499,24.8275659773694,15.7941627263873
"865",30.3951811712351,23.0061872805699,14.3121635028424
"866",27.3122156874108,21.1878200793917,15.4451949730064
"867",32.4408630641766,23.7415618687595,12.7801325456707
"868",28.8320353200465,22.1988860044798,14.7209299379172
"869",30.7403252299745,23.2157306422021,13.8317334994054
"870",28.2696730707915,21.5491443998283,14.2039162382391
"871",31.113603486859,24.1862201973442,14.22160445412
"872",30.2457964256609,22.0263165546966,12.7396485230802
"873",31.2856689809383,24.2241525032282,15.1527579170327
"874",28.8940126283601,23.1488848602234,16.4062555990671
"875",28.2168531903419,21.8575479681575,13.8367032795106
"876",28.0002680019234,21.5324557835107,15.0302964362537
"877",29.004012537959,23.1623118795916,16.1532180268401
"878",28.2759009252983,21.0148791731241,13.69834851828
"879",29.0483487241098,21.6662760050686,14.5309994139151
"880",29.7109609044972,24.2532494810431,16.0417822420132
"881",29.2213746191134,22.5705681648347,13.0788207356058
"882",31.0514226622517,24.0728757113197,14.7092348113595
"883",30.13616054134,23.3585795571867,14.3923381671261
"884",28.9303798524754,21.689144883503,14.0521747341766
"885",29.1326520955712,22.9546012179745,14.3540644892288
"886",29.4152944731468,22.617047147273,13.7397890362453
"887",30.8943210095724,24.2748399982533,14.393773501279
"888",31.1220574058265,22.8735760641038,13.5726058674702
"889",31.2869323639401,22.6032973991506,12.3004693978002
"890",29.5631218016145,22.9612927390238,14.8919653217174
"891",31.1249773701959,24.0947577339657,14.9042655861717
"892",29.3122563592482,22.6689121021899,14.2070851234265
"893",31.0552506534933,23.7504817018708,12.8428274193747
"894",28.2454150408552,21.1990271537827,14.0668452901134
"895",29.3186348070235,22.3825542371786,12.7258038771527
"896",30.7838844693418,23.0778317357638,12.4764545697583
"897",29.7347339978082,23.1813512411903,15.1719427310089
"898",30.233909944411,22.74800316998,11.8171133673046
"899",29.2482063234684,23.2158180936852,14.4752448217239
"900",30.515084067703,21.958570911164,14.0449097493115
"901",30.9708036374713,23.4852896133215,12.3911117844433
"902",30.8913841537452,23.5134196243039,13.5979476780563
"903",29.6015031061631,22.772820526095,13.850429915217
"904",28.6885433134122,21.6711887661111,15.7942738417762
"905",28.6756810934919,23.0651268679487,16.553638726477
"906",30.574745154259,24.1747028521603,15.6002276549321
"907",29.2530298785168,22.7411981237312,15.8704094028848
"908",29.7950618652835,23.8011785661704,15.460545226209
"909",29.4860734754731,23.2391228051548,14.8995015820689
"910",30.0360880527692,22.3521496524367,13.7633561103609
"911",27.8073670310878,20.4789801630398,15.0637609149339
"912",31.3174620920639,23.4028869803365,12.2238785944316
"913",29.6633195434455,22.8810589732928,13.1505798029643
"914",31.9868985630477,24.0585369323546,12.7420203345361
"915",29.3352566547885,22.2086628467203,13.0539523182356
"916",28.7903794468102,22.6175038014702,15.6442121432366
"917",28.8856671095304,21.6070827344401,15.0500022172186
"918",31.4530715811238,25.1848011060131,13.5044933925952
"919",29.7783187105814,22.4624664192612,14.1931588718863
"920",28.4508623724046,21.9046900224997,15.4353084092587
"921",30.3969700835043,23.6590132732777,14.749110441607
"922",30.3374310087037,22.7731767768203,13.1078172970202
"923",30.1178512728154,22.3071308328317,12.0525667235042
"924",29.7735493261341,22.1748230029849,13.0046322604964
"925",29.3138047279532,22.2862001658501,13.6870239350009
"926",28.7831388721422,21.769122130287,14.4102236062741
"927",29.8300338481757,23.8163464348985,15.3310188203804
"928",29.8357615175881,23.0064254655872,14.69533300366
"929",27.8884812536247,20.7267032737446,15.5434836904957
"930",29.2960398098583,23.1451634894168,14.7906960786236
"931",29.7145398335262,22.8852712284693,13.8784682074873
"932",31.2485409961643,23.8964743208502,12.5243312440199
"933",30.3441524580145,22.3835482453934,13.2788044215225
"934",30.2396617962798,22.7343694242286,12.6091206123446
"935",30.3444051721432,22.2803583662538,12.878980024845
"936",30.660995176649,22.9250657467684,12.3846108565055
"937",30.4462820684899,24.0942168778794,14.543358485135
"938",30.9895161906428,22.9775175760895,12.7284948028637
"939",30.0064811653896,23.5791507235487,14.4530858951264
"940",28.3812961906432,22.8136226319491,16.5745922133857
"941",28.8867288440456,22.0916293561668,14.0660549624762
"942",30.5899186546295,23.0363129024693,13.8265169627385
"943",32.0697975914273,24.3665347283682,14.5387169359546
"944",30.4987902592667,24.0455347082384,13.5888316320195
"945",30.2969959876908,23.2971519156632,13.0443934946904
"946",29.7625993953538,22.5759372750908,12.5665829432167
"947",30.3306500322486,23.9107042663442,13.7521631548954
"948",28.1334060981768,21.0017798667707,14.2020216244731
"949",30.2685875288509,23.3650660834809,14.3094571809908
"950",31.0650508043201,24.2762682888382,13.870957892324
"951",29.9161632058498,23.7517024913034,15.1347734886278
"952",31.0769401330369,23.9939959895626,14.3460426175321
"953",29.2762985856676,23.7623179840454,14.8973557785587
"954",30.0792404075264,22.5295309825992,14.2804060856992
"955",29.6187018035354,22.9815981510945,14.8910664448076
"956",31.7923529556696,24.1587457433928,13.3857033543469
"957",29.7789242425806,22.760402975019,13.9096736921477
"958",29.6999795298695,22.7468995151546,14.1647493100022
"959",31.3934903476965,23.8911252438283,12.4977688110207
"960",29.0346452740009,21.7957724779547,13.0721691631321
"961",29.5025671454578,21.9628123823715,14.0658284224051
"962",27.9015985000397,20.37693115883,13.351383825889
"963",29.5513903457917,23.16804596465,14.0008696547581
"964",29.9912327366863,23.1827125717277,14.8178070617624
"965",29.7617755128022,22.7631913419784,13.090413172252
"966",29.4152724009124,23.436766496517,13.8289733861297
"967",31.880075818609,24.0648182170119,11.9822352526668
"968",31.5224758591832,24.8813502491331,14.3876979884568
"969",30.2108169042356,22.8269751020005,13.6888906768462
"970",30.7703503756795,23.8196772952994,15.4362671531324
"971",30.1603600419781,22.7658389706695,14.1573602604373
"972",31.7186104812476,25.787410317134,15.0628645586663
"973",31.5598251630001,24.3429958817151,13.9425447439528
"974",31.0992896975552,23.8899270280763,13.5060398379713
"975",29.0860431665948,22.4105533761775,15.3054570728365
"976",30.9301358358107,24.2751566060824,14.1383184827339
"977",30.6569673355508,23.6421169605251,13.1633787908424
"978",30.1126816317107,22.9789458183289,14.8048509479432
"979",30.2902737055257,23.5126051296081,14.517052506242
"980",29.9900395112967,22.8673043715074,14.4723407645609
"981",27.6429414270134,20.9465773734488,14.2644471820822
"982",30.4350470989881,24.5957662251937,13.3145198775321
"983",30.1168101615508,23.7235823315135,14.6930336756216
"984",30.4478676265575,23.8735853033007,14.9328917760359
"985",28.9901698999252,21.3245096906074,14.9496013602718
"986",30.7998600312842,23.3736810049318,13.0050725853262
"987",29.4797886739023,23.8762041800147,14.437692717579
"988",29.1119092866114,22.4642709742153,14.3190309849946
"989",30.7024443820493,24.6124341339219,14.6600943300442
"990",28.640242123846,20.7798413446072,13.0196354992078
"991",29.3423033736784,22.1599269551765,13.4625598758998
"992",31.1517571435129,24.0258641663329,14.263128937712
"993",29.8783215360171,21.8600122595101,12.9487135133636
"994",29.7745699532216,24.4824716651843,16.444623146251
"995",30.0134584815799,22.1498164992287,13.4005767451958
"996",29.8811485053523,23.4169602488173,14.3178878942227
"997",29.0530188183251,21.4029835779401,12.6518221641324
"998",31.0530533377006,25.1559227200716,15.6586677791619
"999",29.9503724469987,24.218777804769,14.301832149565
"1000",30.1959167600806,23.0980885427398,13.3991554603576
"1001",30.4515615631513,24.4500626713743,13.7254401846278
"1002",30.7059012565384,23.9777078565241,12.853961240425
"1003",30.1974476997562,22.2916766867956,12.3841300677465
"1004",30.2914813512553,22.6127870137818,12.9640165560394
"1005",32.7009448472457,24.7607300864152,12.4645175485199
"1006",28.7470102421012,22.6706514487597,15.3145315848616
"1007",29.840479380818,22.8515838508138,14.571301267948
"1008",27.9615998282138,20.4456062827628,14.4832874739044
"1009",29.2471526039039,22.3896149552525,13.9059489003129
"1010",30.4845669096431,23.6971816186119,14.9505775687638
"1011",26.9720843985248,20.4790675023705,13.6788545385366
"1012",27.1203781583611,20.7973474116769,15.3553616820612
"1013",31.2500151460625,23.7187001981412,12.7550443990518
"1014",29.6118987302035,22.7522881916749,14.874762155297
"1015",29.8862563588853,23.8918406697488,15.0279512723702
"1016",29.7913815102838,22.7173432101527,13.6106536335966
"1017",29.7724905113526,22.951727127684,14.5135780789458
"1018",31.6065906997674,23.0523392317296,11.6369254983476
"1019",29.8875265165049,22.6973064974179,14.479823804945
"1020",28.2428698401278,21.6015891628908,14.7921247883023
"1021",30.1954734349011,23.2499171126599,14.3887540735677
"1022",30.1326298906221,23.5623315674559,15.1396339067502
"1023",28.5331803765981,21.5496927483318,13.4163891537504
"1024",29.5883634933905,22.2248983712288,15.8575209543686
"1025",31.7199311240305,24.0431618202046,12.6285607852626
"1026",30.0189024828063,22.0431680446824,12.5678033858754
"1027",27.9125940277364,22.6933770275296,16.4303656813445
"1028",28.510580966967,22.1136669891001,15.163193824572
"1029",29.4921449369049,22.9671332032327,14.8280579380477
"1030",29.4448097538825,22.4279641563284,14.9005194569598
"1031",31.2917381463532,23.8755999020018,13.5062677798795
"1032",29.5829862162034,23.1767720597131,15.0229072724556
"1033",30.9281771353928,24.3118065011221,15.1381893603288
"1034",30.6541376564794,22.7064416889445,12.4252429565165
"1035",29.4300257589857,21.4828862054505,13.3046200034262
"1036",31.4262723792494,23.4761413142996,13.1076483535235
"1037",29.8211280371504,22.8580771224256,14.6338420189439
"1038",29.4922175070137,21.9462255680744,11.7707488683734
"1039",29.8854218736411,22.9573459555406,13.8320530703053
"1040",28.2602409859261,20.883197859753,13.1145184791285
"1041",31.3804281507603,23.4355287763535,13.5437643581596
"1042",29.4865727288653,21.8710953665024,12.6276342777292
"1043",29.8412870004073,23.686329162668,15.0129600006934
"1044",30.7434343580755,22.6855481042099,13.8818972986528
"1045",29.9385752785691,22.1616440528395,14.1259203977913
"1046",30.8460934499831,24.5248140655588,15.1057338091253
"1047",31.4597761689143,23.7156303279793,12.8512715155038
"1048",30.3268288336063,23.081882750008,12.2593206094546
"1049",28.4905252425653,21.063993332222,13.9896790103698
"1050",29.8624076009239,22.8169654109068,13.3336128043528
"1051",29.6177970925528,22.875090661748,14.4136304513686
"1052",30.0091353930137,23.2298716267535,13.5511551621216
"1053",29.1472967524383,22.4940913595536,12.5601188152336
"1054",30.6031918592041,24.0854919307841,13.390747576087
"1055",29.0330371465838,22.0171711397082,14.9993296044124
"1056",29.2165817733927,22.2465343987054,12.7447666187617
"1057",30.5616228953657,24.2472208826143,14.6479022036595
"1058",29.6655347322208,23.4429269581099,14.581306502015
"1059",29.1563837415145,22.986960399772,15.6184681092253
"1060",29.6262490655968,22.2417156051432,13.9180391660251
"1061",28.4518795512273,21.9213376032833,14.7971907841741
"1062",30.4327761453108,23.4136623753903,12.8843405808109
"1063",29.0801460020083,21.7720697853396,14.149162720159
"1064",29.1046369497317,21.6339819485427,13.3152243178755
"1065",30.4152956357175,23.2524361446706,15.1337532003043
"1066",31.0357099300129,23.316589788016,12.3292301655569
"1067",31.2467975104846,23.9906147506089,14.3774386281471
"1068",29.5186828572939,22.4061434026142,13.4421516891084
"1069",30.3718000124429,22.4418252214362,13.0882432970046
"1070",28.1895678537171,21.9687970059344,15.9196939996711
"1071",29.3464846912327,22.683786602545,14.198533856895
"1072",30.3513036499999,23.4476664736507,14.2155903353508
"1073",31.0351248919439,23.93784283629,13.9113927740809
"1074",30.915221663323,23.4028648902173,14.6377496134459
"1075",29.797783412394,23.0507253858169,15.615283862829
"1076",30.3321095757222,23.5194678055042,13.880133097039
"1077",29.3992583598913,23.0326383481544,15.3058556643509
"1078",30.6863125105927,22.2002639148667,11.7581701398325
"1079",29.6970160030725,23.675773280922,14.4001513158356
"1080",30.7256430480317,23.7709548716874,14.211666301144
"1081",28.1995923445537,21.3192164749052,14.7565804632601
"1082",29.9478319191253,22.4930315845186,14.3492990486216
"1083",29.962432024526,22.4731412096328,13.7035185121811
"1084",31.8701313557833,24.0902104524717,12.9994678131629
"1085",29.3729269212584,22.7554986220406,15.2787496444674
"1086",31.2156231868402,23.6427664693295,13.6217618103404
"1087",31.3699887163663,23.7046731472998,15.1416465744754
"1088",29.1712633066026,21.9997969995448,13.9156725248
"1089",30.7407799345224,22.793562815776,13.0103175223865
"1090",31.8557351814757,24.8748669054281,14.9908218853951
"1091",27.9952181770682,21.6617646202214,14.28429806402
"1092",32.1904104523716,25.6171780800294,14.4519297817038
"1093",29.4504195051656,22.0859414234545,12.955454029124
"1094",28.7950965740144,22.4141060915725,14.5473424147987
"1095",30.4474329492244,23.6126927315643,13.4273832685084
"1096",29.2699050315841,23.515993789214,15.9156604425038
"1097",29.3224905274602,23.2670228775795,15.2992779255851
"1098",29.1678190697811,22.0902049329937,14.9392130606458
"1099",29.7319045648988,22.2173666586452,13.7360991625208
"1100",30.143324923676,23.624037539906,14.8538922030886
"1101",29.0607057106064,22.4658956992147,14.9549693212238
"1102",29.7799337853419,21.300550892507,13.0685685926415
"1103",30.4982487405953,24.6002574473637,14.7053082133994
"1104",31.3337423716933,24.5470898212307,14.4243172403798
"1105",30.0140198711518,22.6386766244837,13.9413988879128
"1106",30.1489306536948,24.100953158652,16.1444647079333
"1107",30.7752557101229,24.3537770230616,14.5669252684795
"1108",30.0671672809548,22.6204715439142,13.5875684273592
"1109",31.1610391968047,24.5871416534791,14.4767108961249
"1110",29.667230050331,23.1534452528275,14.367783240898
"1111",30.6163095652261,23.4899812354126,13.6499052272732
"1112",29.367537991272,20.8165880592427,11.2022940070824
"1113",27.6920381034825,20.6622339880303,14.3026384218171
"1114",31.1660124718032,23.5641710900981,13.8868538829308
"1115",29.140172544458,22.1381975368242,15.0997694955146
"1116",29.3737209043516,22.2176163782935,14.6701588675683
"1117",29.8930373743991,23.2990338848505,14.1209017827336
"1118",30.535822943953,23.8041111664418,15.4043349032064
"1119",28.4912861834736,21.5631855927878,14.4166718635489
"1120",32.2241803946788,24.1827415631364,12.5048685223815
"1121",30.7459671421326,23.2955325776599,13.3731765626013
"1122",31.3000590980896,24.3061598524717,13.3550486887889
"1123",28.7399681840364,21.4853905768674,13.8845061273306
"1124",30.1975831832468,22.5544384737219,12.1120505156984
"1125",30.3860577159373,23.774111372343,14.3762417755585
"1126",27.2598175800488,20.0983631676577,15.8730257375383
"1127",30.4402424513705,22.4410965256988,13.4434836882259
"1128",30.2966791757161,23.6607183856204,14.2377717115947
"1129",29.6179903895999,22.7159815288624,13.7335425574421
"1130",31.8287725287395,24.0133729657336,13.395319923382
"1131",29.4758625369224,22.8045224864902,14.7158727799548
"1132",30.1407817238635,23.1766055455493,14.4064205711906
"1133",29.5763928913718,22.3654467511124,13.5758438773958
"1134",31.287914698631,23.3248939238709,13.1489892493632
"1135",31.0179421828897,24.0621643361202,14.2491040613553
"1136",30.691859367335,23.2756841344492,12.8217450608265
"1137",31.003202381303,23.2146387203597,13.2027475214789
"1138",28.8600312568031,22.1798208518658,15.7990038083203
"1139",28.5778386183697,21.5446155253256,14.6703316443367
"1140",30.5465873612388,22.6282874756852,13.7017916922618
"1141",30.341268541957,22.9445717631658,12.7308010507405
"1142",30.2170444591199,23.6201368789563,14.5631996884138
"1143",29.8711547838723,22.8166605574505,13.4453070536613
"1144",30.1152354240342,22.7500795211396,14.2219774493496
"1145",29.6191765581323,23.2198755159944,15.211224026885
"1146",30.6830638806383,23.6317509615713,13.546340323884
"1147",30.0317973893896,24.8234663812017,14.3988028707062
"1148",28.9601983048086,21.4507867403065,13.2764479559787
"1149",30.6296555409406,22.8266959769375,12.1476973202639
"1150",30.3373847372847,22.2477178225749,14.7073272455709
"1151",29.6957595824517,23.7711065167885,14.9881872510467
"1152",31.1628317854077,23.4640347905187,13.3112435904326
"1153",29.582921138576,22.2458482539904,13.9943008433789
"1154",29.7555425911902,23.2170767081302,14.9275912922267
"1155",28.7769948574193,21.4817166749117,14.0235942803393
"1156",30.1807830522591,22.2581715539406,13.0682282338385
"1157",30.3356727238014,23.0146165804825,13.0957761868261
"1158",29.5961352740983,22.8212327315619,13.8478301838164
"1159",31.1210304367661,23.580653295977,12.1135089686782
"1160",30.2271174287651,24.5496632533007,14.2794343009157
"1161",29.4058742354283,22.8241898024564,14.668249935475
"1162",30.2544248352759,23.6331738823946,14.7012371312977
"1163",30.2666755594052,23.3699584423248,15.599517413193
"1164",30.1614307443511,23.3758225036657,14.9631600912293
"1165",30.7251812253722,23.9596652230097,15.2818413131459
"1166",31.7104791939286,24.9136856466771,12.949354233443
"1167",29.6935393153002,23.0354626805679,15.2608106787931
"1168",29.17292612817,21.9676375911915,12.8498583527274
"1169",31.2660523770077,24.3303166979448,14.2362078548135
"1170",28.8343889575304,21.9637328481027,16.1948774888239
"1171",29.1564119570086,23.7613376653911,15.9201309917481
"1172",28.6743806896265,21.9229970191755,14.6670122358064
"1173",30.8498622130426,24.1723748378508,14.4374589416073
"1174",30.0683173002731,22.2879957336006,13.0933094530859
"1175",30.698752789755,22.0316141911667,12.7411556153164
"1176",28.7333737442814,22.7980628680818,13.9675433369263
"1177",30.8122896901751,23.370672237637,14.2397498398812
"1178",29.8515804077449,23.1136087956721,13.7922322043109
"1179",31.8045963324077,24.248985352433,12.7270994767892
"1180",31.1048338121228,22.9695428360597,12.7326526669081
"1181",30.1699268799234,22.9219129850443,15.1010600673
"1182",30.9554056079834,23.7021026671207,14.9124298211701
"1183",30.4744790322465,22.5843333823886,14.0332285320649
"1184",29.8287707586947,24.5432052123011,15.2273728169594
"1185",29.2799019700276,22.587400556948,14.130582437478
"1186",28.7184814873196,22.4146089975231,15.2348008984964
"1187",30.9846104642018,23.3404104573422,13.1857183533613
"1188",30.0314572387602,23.7175725504624,14.3825805789943
"1189",28.4467048489576,22.0787044489127,14.9974374621328
"1190",32.1003867151889,25.080668292187,13.62855466727
"1191",29.7920496156598,24.120756691318,14.7389831407807
"1192",28.1023087507589,21.021747035591,14.5203622730119
"1193",28.0180390639592,20.2629730097643,12.7309466104858
"1194",30.1099352149373,22.5075886255834,13.8366064030823
"1195",30.5287086026394,24.3022151424645,14.3514755266633
"1196",29.9656860740401,22.1285820709681,12.259939608478
"1197",31.0323299374161,22.6536219299436,12.3059766750608
"1198",28.1540784985119,22.1217919200209,14.2415380293006
"1199",30.9504220433696,23.5998880070457,13.9624457968531
"1200",29.5252586466428,23.1681061137431,15.2575803344974
"1201",29.0937908216299,22.712868076015,13.9771971571773
"1202",30.519353945894,24.0392544478739,14.1786037645819
"1203",28.9412979620746,22.5477365476099,14.4087124717521
"1204",30.7202136115897,23.9113739028114,14.5131996733067
"1205",29.6948980885352,22.4502686816682,15.2308133298706
"1206",29.0976396095583,21.4420891434296,13.0809802361936
"1207",30.8816463252399,23.7301899734474,13.001514808099
"1208",28.7821252051171,22.4448884806244,15.161856155227
"1209",30.7519944266364,22.4758441444213,11.8508923040605
"1210",29.9327324855106,21.7031929528758,11.6558456498637
"1211",29.9356355734204,22.7419843393479,14.254860854272
"1212",30.4419667495431,23.3652468031473,13.9213336751978
"1213",29.7764881778214,22.6149306226674,13.7528912896167
"1214",30.8511005010669,24.6885755745182,14.316490766189
"1215",29.7625463611912,23.8514835201125,14.9622465443517
"1216",28.8895015551276,22.8753069637857,15.0752357235371
"1217",32.1069874242221,24.8791074037712,13.1904942393981
"1218",31.4219441172656,24.3350425829444,13.529011687537
"1219",31.6079400038892,23.6842930863261,14.1871971451418
"1220",31.9860774248453,23.3112419809446,11.6488103027583
"1221",29.9516767172569,21.967287153851,13.3008092754878
"1222",31.0671678406234,24.0444170570751,14.5446158853535
"1223",32.0044524094625,25.0946544570605,13.5672585759783
"1224",30.8126161960017,22.9646564813218,12.6208278778619
"1225",30.2593592323218,23.8762211248576,15.1006133092425
"1226",28.9144533456327,22.6333949857951,14.6134759116467
"1227",31.1918271737267,23.6741606005798,13.1409269947183
"1228",28.6771813707689,22.1534284181315,14.2578946335237
"1229",30.1723057556204,22.1463208812642,14.4443356087049
"1230",29.6006734852638,22.6257826689884,13.7896468027513
"1231",30.8332221170498,23.6935344329418,13.5738969724106
"1232",27.836024453318,21.4643720948727,14.2977763491678
"1233",29.7996178095675,23.6951568339426,14.4339936309407
"1234",31.8481581965427,24.8745750226778,14.4895210292815
"1235",30.2785777315646,23.2847221528245,14.5227304317384
"1236",32.0462507822026,25.1279607830555,15.2363066271686
"1237",30.0536255639493,23.7079017355562,14.4048981412435
"1238",30.2606593642626,23.6189177988276,14.1249554696616
"1239",29.8304636168052,22.2068319512975,15.2583350490412
"1240",29.228726565218,21.8640032876195,14.2584037008672
"1241",30.6543556965469,23.9296676689542,14.4865783719409
"1242",28.9600451476209,23.17227711292,16.0909417728437
"1243",28.516257935181,21.7605482741328,14.1626002011069
"1244",30.505004051992,24.2708198658107,14.6710155364411
"1245",30.8310161937902,23.4037785861079,13.927088971869
"1246",29.3833360363419,22.1652890755838,13.4594710543279
"1247",29.6810288447416,23.3358876994447,15.1046921344397
"1248",29.1683237355851,22.9394031905104,14.4723320249994
"1249",29.1018262413443,21.2147052638495,14.3155392338119
"1250",29.5874552748884,23.260297464865,15.8322106705216
"1251",28.9594872493908,21.4823066398228,12.4670888535696
"1252",29.3661400443415,22.4530429226963,14.1059147765703
"1253",29.4017015402936,22.7123622309931,13.8376918504836
"1254",29.5365549990243,22.6970414778394,13.9419554182134
"1255",28.5455535880581,22.0784293604087,14.401638570048
"1256",31.0329254134771,24.4377347856379,15.5713666655271
"1257",31.4198809466509,22.9873329586373,11.7945992691613
"1258",29.5579156581236,22.685847413621,15.2572575874863
"1259",30.1145489595243,22.8618517543209,13.2147705680797
"1260",29.7225118684432,23.4308567885487,14.8538939681695
"1261",28.5409101961252,22.8855228797233,13.4279775122697
"1262",29.3659428657583,22.5185443120977,15.1146965869698
"1263",30.0507613488514,23.3520933231279,13.6088148924571
"1264",30.7579073521388,22.6565922372554,13.5203784492179
"1265",29.9677595515158,22.5004909550623,12.8290195642552
"1266",29.0766350613314,21.630809820631,13.3773284372611
"1267",29.8418734850733,22.2656610716627,13.8863037547791
"1268",28.4574871270047,21.8540464335934,14.3068717373226
"1269",30.0730301005125,23.1120871419845,14.535612974583
"1270",29.1969053270408,21.7044966296971,14.3888743641774
"1271",29.1026512441808,22.6512775357301,15.4534991425844
"1272",29.9365118075789,21.5597886151954,13.205150176487
"1273",29.4578513850755,22.9410083053577,14.6023971959064
"1274",30.4011518021689,23.4248400298177,14.8828509474044
"1275",30.2383407801869,23.1385798060955,14.5334299550043
"1276",29.8409203982657,22.6949900526668,13.9695056391985
"1277",30.3006417704523,22.4684554675997,13.6793930619661
"1278",29.1615550810856,21.633209754074,12.921517989437
"1279",30.186009839263,22.5230976078743,12.4838305109016
"1280",30.045709103166,23.3097615940793,14.6576011758242
"1281",30.655905812233,23.1544674583806,13.6323745888847
"1282",30.0395808207865,22.7211694770374,12.4223848598311
"1283",29.7296840003914,23.5421732094725,14.3298570759079
"1284",31.9413453488126,25.5967164038245,13.9609982424451
"1285",31.3661803981306,23.4787780374758,11.5009948055358
"1286",30.1340431719653,23.6000389138049,15.8209356097041
"1287",30.2538720788844,23.6390074713211,15.1385508982406
"1288",31.2777690348734,23.5533966726895,12.4542041537247
"1289",32.1822327881826,24.2782611257079,12.7434805004986
"1290",30.5834491079928,23.1592762837873,14.2144687795566
"1291",28.9659656848572,22.9095075293421,14.3621912635911
"1292",28.3458045882643,20.9755051080749,13.3747341822037
"1293",30.0362064447644,22.8290362430149,13.3601807472112
"1294",28.6247113996482,22.6013291906326,17.5101410804285
"1295",29.7537383602231,23.3840569438328,14.8706764219396
"1296",29.8144889937122,23.4157286910612,15.3700944168241
"1297",30.0172280859985,22.1443902641168,13.4685542403317
"1298",31.2081756909785,23.3359825804087,13.613335750144
"1299",30.3389570102795,22.3394131282704,12.7881906318795
"1300",29.0802528438486,22.3449309101215,14.6043351698584
"1301",30.8123832921955,23.5714455245248,13.7716196182395
"1302",29.6360742121553,24.6644783295177,15.8680432986135
"1303",30.8076189418841,24.2032846551406,13.2079095881914
"1304",29.261948336857,23.0557786680619,13.9289188635883
"1305",29.9124142387515,22.0149188000543,13.3483843906855
"1306",29.5432347096792,22.3372008085287,14.4970712648068
"1307",31.5044254080543,23.5322154840855,13.0219946921362
"1308",30.1519635971372,22.3298475647178,13.1276799109873
"1309",30.876367369902,23.8429773642189,13.6032907411199
"1310",30.1896432164662,22.5315370573541,13.1981985856979
"1311",28.9205062874016,21.318463888171,13.6461390442439
"1312",30.7480573059508,23.3709705262103,14.477435418042
"1313",29.0391504008642,22.9624006723782,15.1579453825147
"1314",30.7425570325604,23.9339541873074,14.6451076151328
"1315",30.1534479090444,23.7137768411078,13.7094305868708
"1316",29.1302076293968,23.0532306935378,14.0093219471023
"1317",30.3556337838444,23.641637507072,12.9127511337205
"1318",31.1687992486906,25.0611251133791,13.567274926928
"1319",28.4899822980393,22.4611619354827,15.2210759639953
"1320",29.4246859646072,22.5752708617515,13.0410947483149
"1321",30.9208982562013,23.5119952301608,14.9812462786459
"1322",32.1639692626779,24.3498579732929,12.8853476014955
"1323",28.066687056908,21.5288921912047,14.9378783986076
"1324",26.7293420896025,19.5171668217347,13.6291234799827
"1325",30.1357084256768,22.5566516199015,14.3874020629151
"1326",29.1376167417815,22.7035720548767,15.5222808895543
"1327",28.6364444477385,22.0489138941871,14.1977733815462
"1328",30.7714822793762,23.027591517472,12.2774162285495
"1329",30.2245381297696,23.9487437742842,15.4512736247747
"1330",31.7095563950674,24.2388019069294,12.7017462809422
"1331",31.3174571306741,22.7759266018473,13.1013805482181
"1332",29.6762967071458,21.9859240993332,13.7062712797266
"1333",30.4984361228306,22.7346754829844,13.0352635586666
"1334",30.0695280901341,23.3833246899421,14.0670439386432
"1335",30.4511433343356,22.8891980521595,14.4560739461733
"1336",32.0277814212072,24.3362577086715,13.2033656377401
"1337",28.7287255518941,22.9485334300188,14.839843252365
"1338",31.2015067264386,24.6138878908051,13.9249718468846
"1339",30.6853158759127,22.3213046297244,12.9047672371278
"1340",29.9300278025671,24.0655231779697,14.2898157518363
"1341",30.2069582279199,22.7788028610128,12.653224248438
"1342",28.6248170668267,21.6356345098363,14.3627193074403
"1343",30.3152752610616,23.6618183745346,13.4435287193432
"1344",31.1194113789381,23.1027988043159,13.1527585728152
"1345",31.2553329699914,24.9205638087286,14.564103413987
"1346",30.6829096898887,23.8171769979678,13.7440226701006
"1347",30.7087327069083,24.59931968275,13.9726283235715
"1348",29.6131223893562,22.6141595699896,14.07864443915
"1349",30.7644290748642,23.549427758466,12.8422494422989
"1350",29.5555766337023,23.0569504536106,14.5915376184096
"1351",30.1513274512813,22.863716763273,13.1760600188062
"1352",31.5906770672976,24.3639527936386,14.5130566173578
"1353",30.4203101760665,24.8088612552293,15.9894632268641
"1354",28.9647885037164,22.4881993573665,14.5137244010464
"1355",29.0924643145493,22.4442655100436,14.9139396878931
"1356",28.1040694080595,21.3108735514426,15.03954910589
"1357",29.4726601141639,23.9029077168072,14.9830907665562
"1358",31.2193456123301,24.1425549333861,12.2232785881246
"1359",30.8281944920783,23.2968953240903,12.8715754463245
"1360",29.8064727735434,22.4714911921737,14.2872118432124
"1361",28.2143857947167,21.2363500919338,14.5226426915085
"1362",29.836433976996,22.5826333857223,12.8708563484672
"1363",28.9810614890916,21.3363556221614,12.644793311441
"1364",29.5230799870846,21.9139822291284,13.8850269715658
"1365",31.185650384065,24.5227770388171,15.3056602559837
"1366",29.7188765779316,24.2953979032342,15.9526269287077
"1367",28.9061993879332,21.948303199853,15.2851632575877
"1368",29.1189149529488,21.7251916228838,12.6436288767935
"1369",29.6302363018131,22.7552546787719,14.9119504384292
"1370",29.5468576976326,22.3916364431885,13.6112417308279
"1371",30.4259995516181,23.5259001100908,13.9590017660266
"1372",31.36230649935,24.3163270416378,14.3215783171252
"1373",29.2080285502198,21.9515027629488,16.2325024685952
"1374",31.3571937092537,24.3262075774483,13.7084194336596
"1375",30.7709133751978,23.738080455638,12.9669206341624
"1376",29.5787699073127,22.5118741228331,15.0262963650775
"1377",31.0858150990306,24.5175208586553,14.3747909545206
"1378",30.4543498624169,23.859055120308,14.6919886302007
"1379",30.8349063294452,24.7138625503553,14.635795019271
"1380",29.4802681897937,22.4644717499698,14.50442627367
"1381",29.2996986956187,22.5468453961425,13.0748756417551
"1382",29.2997668003573,22.9390192761746,14.1178940379224
"1383",29.8182489051072,21.8053039596947,12.508067883842
"1384",29.6979571546559,22.6543184143857,15.4090478542023
"1385",29.5538104030175,22.4325829742923,14.7667433869899
"1386",32.0317442164085,24.865235638908,14.1755234404125
"1387",29.7610517794795,23.541876484708,13.9355031501843
"1388",30.1834881217272,21.8532425055363,11.8127650427098
"1389",29.1736671415908,22.2729054757138,13.552532670704
"1390",31.0923264360117,24.4177352069697,14.5564521271543
"1391",30.8227682638726,23.0407080865001,13.7430656019057
"1392",30.6090860729496,24.6292647431542,14.3089569894829
"1393",29.2588868384668,21.490686686593,13.5176691942522
"1394",28.3083136185471,22.3658794324842,14.4161160617215
"1395",28.9517685582493,22.3866980930227,13.5562518212728
"1396",31.2868576830281,23.7832875994534,13.0507463622003
"1397",29.9649598246032,22.1616965153303,14.1379782797314
"1398",28.62054099685,22.7770192894168,15.9025588954687
"1399",29.6095602778147,23.118426830362,14.1120110781835
"1400",30.5261940423035,23.5970825682005,14.0433121074026
"1401",31.1660757374467,24.3766992868771,15.3051326911557
"1402",30.8690919209796,23.2902699488722,13.6272157727739
"1403",29.2465019834123,22.5875335763273,14.6908141079804
"1404",30.7123174419749,22.8763377829467,13.2989555284873
"1405",29.757416442745,23.0923705773433,14.8925386551211
"1406",28.8315795747269,21.3300914917474,13.0911608187831
"1407",29.454599141872,22.4528148273129,14.121060199168
"1408",28.862670029514,21.9769704058146,15.5974881187875
"1409",31.3548945399976,25.2228255732814,14.6841550393585
"1410",30.0362166260835,23.4417961128046,13.7220732784342
"1411",30.0473016407435,22.0657095783553,11.7149092537005
"1412",29.2869115714892,23.1592489825436,15.7195405353146
"1413",31.3164291723558,23.6688964063485,13.1306001746793
"1414",29.2585730202817,22.477296654191,14.9623233050011
"1415",30.2561158718986,21.6606367008812,12.6772079851286
"1416",29.7105681364552,22.6521376507534,13.6214153460884
"1417",29.8351747336508,22.7693173431299,15.9104681692736
"1418",30.4198657790071,22.9283325963351,14.4481868821021
"1419",29.2762786659126,22.1254018774568,14.6904825714002
"1420",29.3766205969108,22.7088229348727,15.076981962681
"1421",30.299905398396,22.5481931876528,12.6831215210505
"1422",28.5496419483561,22.4958770951685,14.1279124651748
"1423",29.320746216675,23.2620578573595,14.3679450571516
"1424",29.077320504768,23.0270370201644,15.18338765553
"1425",30.6575796694903,23.1909938544201,13.0667770809985
"1426",28.7509223029626,21.4048831033793,14.8254047066015
"1427",29.7252230056656,23.478951408263,14.5248919762744
"1428",28.965861588191,23.6456148581714,17.8111692920784
"1429",29.4593463793431,24.1982028847637,15.2388443370075
"1430",31.0362440881853,21.7683864266657,11.9403773854322
"1431",29.1928742116704,22.3506898768125,14.2242252359976
"1432",31.0698958206642,24.9073230445034,13.5066816755513
"1433",29.7216475743242,22.6660845250366,15.0333081015952
"1434",29.9655034499329,22.099772796766,13.5884959428605
"1435",32.7168526041455,25.6253040691947,14.243773802617
"1436",29.9190916415457,22.1903279587005,13.5542898731082
"1437",32.0565559971261,24.9395505221861,13.2431810554022
"1438",29.6287138438586,22.3578537832208,14.9139769366691
"1439",30.4307440392968,23.2159880631518,13.2636133836376
"1440",30.2152524325074,24.0735490508243,13.6655325780988
"1441",30.3365644479281,23.2092543271288,15.70846669134
"1442",28.9894331304888,21.328704694023,14.0944020676788
"1443",30.8789232224321,22.9454682861186,12.7957272805021
"1444",29.101779849844,23.0703168618128,14.7088486325417
"1445",29.9498118673413,22.1808121297127,13.4578769504234
"1446",31.1305181014326,23.9753301406831,13.3847793133087
"1447",31.9246745767653,24.4935745244157,14.1031975884344
"1448",32.3605488272981,24.5235139504119,14.0740042727887
"1449",29.2554568453298,23.0868170424176,15.2251723469009
"1450",30.2117887088,22.6449999921293,13.4036595812123
"1451",28.5572943589821,20.9218122854756,14.3913236315855
"1452",29.7576229732576,21.983780790979,13.6661162174124
"1453",29.2018329627948,22.1670553955188,14.0998830753812
"1454",28.4194819962997,22.7233396290933,16.2163118395362
"1455",30.6390904306283,23.2827697468303,13.8656652003272
"1456",29.6702910833739,22.3832270874952,14.198922434667
"1457",28.9225050014944,22.6113844604512,14.6476618937268
"1458",28.3946553451445,21.646069349698,13.0700910759992
"1459",29.3209491838734,22.5734455914455,15.1911629306999
"1460",29.5916310192931,22.6062492673026,14.0654384758417
"1461",30.7164708842604,23.6615516473031,12.9926634339237
"1462",29.2655841191167,22.496934967745,14.5693810245879
"1463",29.7689518025617,22.2586086351129,14.0847194822259
"1464",29.4654213571965,22.3114086758319,14.0734776181212
"1465",29.5511993227353,22.6211697188232,13.9926207427628
"1466",29.9079969813995,23.9486398952713,15.3313361300836
"1467",30.1295416819789,22.838183907251,13.4582900983042
"1468",29.2025832151168,22.8190719235665,15.0800239746953
"1469",29.8294199187261,22.9043220847139,14.2102577511131
"1470",31.0197347137732,23.4487310079747,13.5846206792555
"1471",30.5765070335569,22.7745467651646,13.4184875218614
"1472",30.9709470957427,24.3426021340816,13.1082971384632
"1473",31.0873198921354,23.6319587261337,13.5158361926537
"1474",29.9660014866041,23.6441214490979,14.9511899461903
"1475",31.9467095469244,24.1582408855071,12.7999613595766
"1476",30.9966759167135,25.6320581322399,14.8263577879359
"1477",29.554939688498,21.3815742202448,14.4464361028434
"1478",30.5987943336071,23.2647064203461,13.2058584859463
"1479",31.7979284974507,24.4168043066398,12.7625544980505
"1480",30.1593559490075,23.1148062550817,14.1759097411492
"1481",28.3740103083341,22.7115131272544,15.9471304172456
"1482",29.3825755515053,22.3148874752828,13.9839031820824
"1483",29.683020959673,22.47265893863,14.0866199715813
"1484",28.7585035475809,22.1000473469883,14.5038687212102
"1485",30.9607143385262,23.5090197871204,13.9370110923171
"1486",29.2394467087731,22.1598742827365,13.4570376404483
"1487",30.6304646335787,23.7853845002588,14.8315790441426
"1488",30.0305393678186,22.5718903248996,12.8018065426047
"1489",27.5070987782669,21.0339105868518,13.5182365289303
"1490",29.1675220496041,21.9023993983095,13.9239964221803
"1491",29.3055662549155,22.1794161270628,13.9733537871363
"1492",31.1699207347103,24.2389156407341,14.7602201728493
"1493",31.1929838897944,23.0967426776617,13.358254090168
"1494",27.8105892304929,20.885566433384,14.5032196205653
"1495",31.3767201084085,23.5704238963578,13.501644012713
"1496",29.6779408843999,23.4345589042193,15.5902574056572
"1497",28.902452748131,22.8907825352254,15.5800349443551
"1498",28.9816654959673,21.7790709667884,13.2397637692102
"1499",29.1426469823825,21.9866207882314,14.8416059771577
"1500",30.2669636560333,22.6239383060021,12.7245870538564
"1501",31.0410496916895,23.2340472768449,13.057898641724
"1502",30.3689139134947,23.0190755275875,13.3702153767336
"1503",30.7147948889306,23.6778109302923,12.8262324371736
"1504",29.4039266557864,22.5046774573793,14.4140778822476
"1505",28.7224027440308,22.0796895288001,13.9286544918112
"1506",27.4365728625097,21.6725062521928,14.6880244082155
"1507",29.3382559742456,23.3580574270213,15.1751836054786
"1508",30.4064723707999,24.5695052578394,14.691768303673
"1509",28.8819957635435,21.5339007528657,12.1987192075807
"1510",28.9709411113734,22.2538049937852,13.9421701393947
"1511",30.3824960276058,23.2250419677417,14.4711637198828
"1512",31.3198363473588,24.941471069152,14.6039262669589
"1513",29.1956706281332,22.1993486515002,13.6288414373775
"1514",28.6309712536494,22.2918941612226,14.3270813628717
"1515",30.1246177237191,23.9414920440942,15.4469661234182
"1516",29.6927236936149,22.388816384428,14.4525721913914
"1517",30.3077046678798,23.8152573710519,15.7876308435123
"1518",29.6894594140844,21.3479229621065,12.1786284743023
"1519",30.0648249222645,23.8082731653365,15.9478709727612
"1520",30.2337064231161,22.6318114955996,11.5108385637881
"1521",29.8674650249355,23.2900327543989,15.1382237614664
"1522",30.0479006294057,23.807907510802,14.8589282760412
"1523",30.5574914751701,23.4176378282186,13.4455776905933
"1524",30.6092774708857,22.8916840745212,13.7235887397317
"1525",29.9995351383561,23.1301346078375,14.3442041527649
"1526",29.8791761687807,22.7953665471532,14.2657895700948
"1527",28.6063433596058,21.6274113644808,14.726621531143
"1528",31.3403141092029,24.6121088312034,14.9098945321465
"1529",29.9205029829419,23.5064419264143,14.0395988565592
"1530",29.6387793449515,21.5356497395125,12.2672418607618
"1531",28.4610436885748,21.4082561114571,15.004482129795
"1532",29.3817263594376,22.7076334711912,13.7099495100758
"1533",29.8252101463894,23.4604350305614,14.7386762846389
"1534",29.8770689620137,23.383190547418,12.8500088285491
"1535",29.6835553033041,22.4706146826409,13.9139832838926
"1536",29.1301565328849,21.5387368481764,12.8145667815413
"1537",30.0238976138391,22.8274143663262,12.4113437480572
"1538",29.8659961405083,22.2664297137747,12.3394249512209
"1539",29.4481870335728,23.133070051284,13.9270006552972
"1540",29.7160915738549,21.0689682823329,11.7087840236413
"1541",28.6451417728738,22.6752123569703,15.4311838295367
"1542",29.9058203769948,22.3763920659762,13.522941468081
"1543",30.0096913390201,23.1323669205316,13.9621075251194
"1544",28.6612190035344,22.1337462828226,15.5947430458049
"1545",29.664727840873,23.1148628843587,14.2625314585999
"1546",28.651656084897,21.5627202145741,14.9616883343803
"1547",30.0878338150473,22.8231663357417,13.3673660070936
"1548",29.6149368841329,21.8386675496198,13.0019963354588
"1549",31.5597638880037,24.5273348772426,14.2094564275868
"1550",30.3018926874848,22.8544967967354,13.8575788061916
"1551",30.0378034198572,23.0038462396758,14.0014208754341
"1552",30.8995506231468,23.2550260355317,13.0427075799418
"1553",30.9135144209346,23.8266440516761,13.1060131023934
"1554",28.7418715026407,21.7301933036239,11.8589310735944
"1555",29.4645565384908,21.3243155971498,12.8026748991536
"1556",31.3952978753972,23.5206893627308,12.1355789562684
"1557",29.4106802184911,22.7296730750103,13.8627231953369
"1558",30.941696328437,23.7729244879154,12.5595046424849
"1559",30.9732427652982,24.1043129720917,14.0551058225234
"1560",29.0412936786578,22.9625300997848,13.9773416470122
"1561",31.0042363907527,23.1332442993783,13.4673815004708
"1562",29.1067748941847,21.5307382177666,12.7403065640527
"1563",30.0345610031872,22.6815154507134,13.3835675165544
"1564",29.514190987721,22.7799509920361,15.0526277060931
"1565",30.0763415691758,24.0225609891529,14.1147026025542
"1566",31.5266187322361,23.5412361121839,13.5489463213663
"1567",29.696773740183,20.915167904983,12.3284872767859
"1568",29.432743127611,22.944343264485,13.4323351576281
"1569",30.1556504132194,22.3373255711431,11.0115772505454
"1570",29.8698489386624,23.5712382469368,15.7393637021529
"1571",28.8878756748215,21.6689344564059,14.5018474253591
"1572",29.9519559665687,24.705483953744,14.6991023513998
"1573",31.3455180887372,23.0338289571304,13.9000831338559
"1574",30.2140614088225,24.5838289751375,15.6837297915536
"1575",31.5448927829401,24.1124886549841,12.655015858488
"1576",29.1321538057409,22.6098097009335,15.0311569145072
"1577",29.7198716950972,22.9124837835449,14.0014618445164
"1578",29.5935187865882,23.2426016500904,14.6808454429509
"1579",30.1573941988735,22.5021171882083,12.7350175636695
"1580",30.6596326385684,24.0247167998016,16.1349022303634
"1581",31.0917742054834,23.5573450710502,14.1953691160483
"1582",28.8908766958432,22.344930538077,13.6262084454782
"1583",31.3560421858909,23.9105572019586,12.4015177307137
"1584",30.1055520673725,21.6179961597776,12.8747152235788
"1585",31.2761296778916,22.6444557721967,12.2161322114589
"1586",29.6164201511211,22.2952143047787,12.3376788726856
"1587",31.156995028493,23.2630933364237,14.028773401357
"1588",30.1868453312514,24.1277148573051,14.8023970204928
"1589",28.1101962007316,21.7019683087686,14.7838503028504
"1590",29.5495256220487,21.5956817843894,12.3831066891944
"1591",32.0248210110332,24.9881855762881,13.4324155379867
"1592",29.3165190235967,23.895884191501,15.2525168134159
"1593",30.0673215941876,24.0762244988847,14.6943874179686
"1594",31.1533005709226,24.5608060923659,15.5099043724054
"1595",29.1616246527903,23.5409988464236,14.1769300705017
"1596",30.2336516752322,21.4843855608005,10.9639490576286
"1597",29.9308000694515,23.8617781960841,14.3554042179607
"1598",28.035951146935,21.3608072806834,14.7620824102822
"1599",32.3007242533523,24.3332958708299,11.7058620209404
"1600",29.4966173244557,21.9229228451988,14.2603666163568
"1601",30.2194342195242,23.0964971743302,13.2247002221198
"1602",29.2692235661293,22.3599104524812,13.7103220633031
"1603",30.6034164735932,23.4044964323245,14.4086101203536
"1604",30.5261479754378,23.3833642746606,13.219787347122
"1605",31.8230107763406,24.1580244371755,12.9350909357167
"1606",30.5597449077978,22.3824528792871,12.6700768419918
"1607",27.4101634006478,21.0231182597071,14.8062181242399
"1608",29.177131487539,22.1698617182946,14.8963559458441
"1609",28.2457790981229,21.8143380764925,14.9921298134513
"1610",29.1354045875652,22.5494051855239,15.4501178157144
"1611",28.9732081161428,21.1387947031294,12.0411283297605
"1612",29.51293450313,21.8450126108866,14.4786689398933
"1613",29.8814576862007,21.8257783885513,12.984107861611
"1614",30.4710011696841,23.8030368422718,14.3860208906534
"1615",29.8839255854147,24.0902177348636,13.6262985508336
"1616",31.939007596998,23.7184646253928,12.6604468366264
"1617",29.9915188077203,22.8961454933125,13.6194677799374
"1618",28.7038892281338,23.0488493989376,15.4466325578785
"1619",29.0706412412607,21.8398242369562,13.8009879425931
"1620",30.0458196509427,22.2283287534416,12.3920793935549
"1621",30.3371855354787,24.0206584007564,14.8229019518587
"1622",26.9683074149761,20.3015196480593,16.1886417238325
"1623",29.1337838874292,22.2893595918854,13.5452819759022
"1624",28.5404382246415,22.3474496440816,16.0069835923746
"1625",30.0414810079793,23.513390636639,13.6034775754763
"1626",30.2241887458057,22.4467548208428,12.8208757472334
"1627",29.6646005313088,22.4087976754715,13.87602591242
"1628",28.0050548078376,21.9343220093968,14.5669876562617
"1629",30.170739587359,23.5816778408698,14.4019449692585
"1630",29.3080161859196,22.2383204740646,14.6926366596963
"1631",32.2184417396921,25.0901799224039,14.6948219148439
"1632",30.6034313195695,23.4222399942324,14.1318975949229
"1633",31.1280228464251,24.4335972383941,14.0736281008146
"1634",29.3658397706931,21.9257012703082,15.5451822384171
"1635",30.060798494288,23.1845289149279,13.7417205265795
"1636",30.1639677158608,23.2912949817787,13.0049659849783
"1637",28.5371709218983,21.8161541395089,14.0581456060093
"1638",29.3418016462243,21.1793984556548,13.2105417244385
"1639",30.7702105005812,23.9091572978496,13.7395772010079
"1640",29.6718012405168,22.7014050413559,14.662279216617
"1641",31.6602519473102,23.3172276433475,12.8291217220134
"1642",30.4467748488855,23.1553642331888,12.9972017333981
"1643",28.364806730372,21.265424386578,13.3475712345812
"1644",28.4825387726498,21.7999462937939,14.3313221087921
"1645",29.4829804671897,21.9508406804533,15.9823659466941
"1646",30.4170481676377,23.430663521819,13.1454904689997
"1647",31.9461466259025,24.357667270978,12.88812011475
"1648",31.3497492440804,23.8427739163738,13.730143828499
"1649",28.883385199733,22.0162983955901,13.2259372703555
"1650",30.3039767456956,23.566417582217,14.9261798689353
"1651",32.3440850353634,24.5968616428443,13.1868370051018
"1652",30.0828922975729,23.6120638214885,15.0193270095805
"1653",28.3957468589082,22.1724730663306,14.9310623479133
"1654",29.2696069487954,22.78378148431,14.9216402617691
"1655",30.9967256711375,23.065457061049,12.3960386436901
"1656",31.5063942574359,23.8251637214751,11.8951772676994
"1657",30.9605542740234,23.6064877515533,13.8914413235855
"1658",29.9347579897819,22.8829088117443,13.6419479345367
"1659",29.0102668386001,22.21961961573,13.8645236707591
"1660",32.2429614456252,24.3562939076789,13.50260449573
"1661",28.541487831179,23.0420486119607,15.6578427920781
"1662",30.1067136686571,22.7412602062196,13.5988927787829
"1663",29.4332580012075,22.3062294132128,13.5508132960215
"1664",31.45003846206,25.1409378579837,15.049711276006
"1665",30.6041185750352,23.7052147384783,14.005968905427
"1666",30.2212608609491,23.676345991108,14.007970855339
"1667",28.9379607840638,21.6981354994803,13.004748379052
"1668",28.8252219764578,22.4930775271053,14.9554218002342
"1669",29.7130228797106,22.8652031253225,15.3424611431538
"1670",28.6221399828747,21.637648581444,15.2559895930038
"1671",30.7709038445069,22.8339403828245,12.8434480051967
"1672",29.1269181862202,22.4668062000341,15.7765211711704
"1673",30.5807726145951,22.4266815549888,13.9521271830062
"1674",31.1616458639766,23.7087478461559,15.8571985870798
"1675",28.9638094185359,22.4598054860995,14.6617005183043
"1676",28.2199209411497,22.3164291173578,14.6067725989345
"1677",29.1245442259009,22.8903099709234,16.2244958150834
"1678",30.2264198641502,24.0939026348503,14.9169294688565
"1679",30.5074517044581,23.5188614409622,14.3413498093934
"1680",28.4550378101317,21.7142409363186,13.5292351723919
"1681",29.7082655648676,22.9307998456503,15.0155349506179
"1682",28.8480481635089,22.8343983282623,14.8369699469038
"1683",30.8288220112511,22.6689018130035,13.6300314865227
"1684",28.5774598702702,21.9928563203252,14.058423055623
"1685",31.0714971647528,23.3630029177774,13.6274086409291
"1686",29.2997211361526,21.9988967010116,12.5180486472691
"1687",30.8336810263987,23.9083875029671,14.4494238961638
"1688",32.3918392692178,24.7064117972034,11.8152660344244
"1689",31.4352218812104,24.1831711471863,14.010837457976
"1690",30.3056831004412,21.9699596880157,12.7206237641078
"1691",29.4842219676284,22.2063747503256,15.3604027231239
"1692",31.6877067408737,24.8347432416323,14.2944391357783
"1693",30.804983434866,25.1007127498295,15.2888341582876
"1694",28.2058371232387,21.1231052395029,13.307195098266
"1695",30.8161237147449,23.3266763030045,15.0002213974765
"1696",29.5575041520728,22.4355378251046,13.9577515862191
"1697",30.3907302979303,23.6509893812782,14.0026186972487
"1698",30.4429444111837,22.9886950511073,13.5765112772862
"1699",29.5464944200125,23.4005867952184,14.2615241738147
"1700",29.9753063194207,22.6436588104747,12.9009965613353
"1701",30.0599824258544,22.9975619815676,12.9949447384889
"1702",29.7906287202669,24.303614725614,14.3597762290518
"1703",33.2862385671317,24.4703254809132,10.4200081338163
"1704",28.0838517077124,21.3455649516988,14.2278479673729
"1705",28.3540422653583,21.178605434399,14.1273677654096
"1706",31.2127656670369,24.0864208004203,14.4825076355719
"1707",30.119196649136,23.3298469931022,14.3548754424784
"1708",29.0126856913743,21.0147882108657,13.2289847444342
"1709",28.7001153446437,22.9007674885489,15.5976358444496
"1710",28.6887972643028,22.2737641878516,15.3791316286048
"1711",30.6877623742609,24.746939355139,14.93948544793
"1712",27.8874799145918,20.0307458423827,13.9748455297572
"1713",31.1390272731441,24.588080545385,15.565420097536
"1714",28.8863879514526,23.0757979643658,15.2291609863401
"1715",29.9275435096266,23.1884977576395,15.2119497813298
"1716",30.5842082584066,22.7879726906639,12.7795340107862
"1717",30.5276615301014,23.1667659417728,13.897114186113
"1718",31.4590768649045,23.4793449577951,14.1297078234598
"1719",28.3433390335009,21.190345731096,13.0856351237082
"1720",29.9934909833307,22.7802697585674,13.8651982974354
"1721",29.8822402373814,22.8963757172747,14.90487303753
"1722",29.7369355185143,22.9710682693263,14.3435974222497
"1723",30.2532847382935,23.5150392209365,14.0764408790199
"1724",31.0696052398615,24.5056307956525,15.0810953347363
"1725",30.0082113983193,22.2929087316062,13.4494601546245
"1726",31.6844148639049,25.4425009670205,14.0082819547731
"1727",31.2514988769277,24.7238272025969,14.5800807315397
"1728",31.0802012198142,23.5010419120425,12.4141941836725
"1729",31.209902398973,23.1629823650707,11.7994692332722
"1730",30.1965273992746,22.9353863919445,15.1192688810139
"1731",28.2730933219539,21.6609794894585,14.1365732475975
"1732",31.251098602245,25.3274661618503,15.8163806058164
"1733",29.1897012171866,23.0804834787859,14.2578416670269
"1734",28.9802429033461,22.3279183524772,14.1663033685619
"1735",31.054230112788,23.2322490124187,12.0491027592965
"1736",30.0152439240787,22.8185457008286,13.1697769266008
"1737",29.1672392011995,21.8525074378187,12.865302831059
"1738",30.1120243406037,24.2759799499785,16.6700909478714
"1739",30.2973711872986,22.704535245697,12.7131828243156
"1740",29.4881007146178,23.1262537391851,14.6022545203664
"1741",29.6847005936733,23.8357846991544,15.1297000547922
"1742",30.7286187642528,23.2128176825468,13.607602722566
"1743",29.857624707396,23.4281395304182,13.9719748881049
"1744",28.4598420267224,20.7077413764898,13.6172662632359
"1745",29.1314341982738,22.2403726712731,14.2391754357292
"1746",31.0102533269211,23.5821916670613,13.4349545083449
"1747",30.8894985906366,24.1603895419458,12.744743701687
"1748",30.2951642068776,23.5638779345621,14.4581143678355
"1749",28.82375298896,21.4431355668802,13.6197178219725
"1750",30.2647593729654,21.7280434430357,12.8197452331537
"1751",30.8579357653548,23.7251008460486,14.6898898143164
"1752",29.0322436764395,22.3847867854727,14.404056549194
"1753",30.7671087914483,21.9988991237184,12.6604883253064
"1754",30.8269502408329,24.0118369099143,12.8570229430248
"1755",29.5827850530068,22.8370552472949,14.9879294699855
"1756",28.680454925674,21.17289397841,13.535979938778
"1757",29.7707814096038,22.6850310821681,14.9809173785392
"1758",29.9625564681496,22.5844593135938,13.8030238079336
"1759",30.7289649637331,23.0388295491391,12.4539721558643
"1760",29.3085695035681,22.7772218979954,14.5642769878089
"1761",30.9127590180565,23.2641916796319,11.1749255980993
"1762",31.9316233973163,23.9557405552141,13.0338175632209
"1763",30.0434976515387,23.0093972847595,13.9032598026547
"1764",29.869513200961,23.2649194796297,14.1602912938725
"1765",27.909760833831,20.7887614059729,15.0392543502446
"1766",31.3601103996113,23.9513212695562,13.8425591573772
"1767",29.7942327144327,23.3334632366054,15.3964565660142
"1768",28.6932788140885,23.3288241689823,15.6785404615731
"1769",28.9551158798836,22.6821909851951,16.1004936423448
"1770",30.7246623325688,21.9192679209093,13.0393133823731
"1771",30.4287388204561,23.6727314410714,12.8509167234096
"1772",30.0213289560472,22.6907536350572,12.7200115087517
"1773",28.424463534985,20.8533291899568,14.2971935215383
"1774",29.548167850432,22.6539845416465,14.4496070433063
"1775",32.0717595412782,24.7970593282771,13.6293337097524
"1776",28.7184669554553,21.5661142461422,14.234069595228
"1777",29.4010795271439,22.5383844814301,13.9696162801322
"1778",30.2048177503396,22.7339748834389,13.658874026035
"1779",30.1409179099833,22.6221235188813,13.2043245155632
"1780",29.9492919996851,23.0785505048682,13.1410495014766
"1781",29.404441960352,22.8265920604576,13.0948708010086
"1782",30.5199281564372,23.2551014370145,13.3675539769841
"1783",29.3157274194148,22.6895783007902,12.5110372664642
"1784",30.6785912833897,24.4373171981474,14.8381012039937
"1785",29.6329492441298,23.6145995593796,15.9007522052095
"1786",29.6203157537019,20.9446090972566,13.358327261987
"1787",28.8032476984584,23.6084753418269,15.0565299291582
"1788",29.2248615698599,21.9046710079921,14.5201378411227
"1789",30.8848578293965,24.1408305622117,13.6266963083616
"1790",29.476293828775,23.4088365986224,13.8527997129711
"1791",29.0688764996895,22.9086130034228,14.474836031593
"1792",31.1641856282373,23.8639973432617,13.8497409575423
"1793",28.5017815775546,21.3089091522113,13.6179241807237
"1794",31.0034329044981,23.9657530777682,13.8339883033199
"1795",29.678251678406,23.2878428359995,14.8340666525585
"1796",29.8394090282105,22.8009606516308,13.8054950877626
"1797",29.6224377563576,22.7374014916695,12.7066336979745
"1798",30.540844706689,22.3388595537806,12.4686947737014
"1799",29.8005638424446,22.5802584890078,14.8564154105216
"1800",31.1675122444092,23.7408701839531,13.7145483734279
"1801",30.9989334237552,24.1899277438961,12.920729168252
"1802",30.5402903127585,23.7436657722839,13.9869647774878
"1803",30.2508358581406,22.643740411096,13.3887521498773
"1804",28.9120447751154,21.7329096674859,14.3470869388651
"1805",27.9071767590051,22.1955663428585,14.4856077959793
"1806",29.4878416846573,22.2443843551208,11.98830713528
"1807",29.5265537992001,22.4381878486682,13.0925083022568
"1808",29.8948725281249,23.1073550598133,12.4657368514271
"1809",30.2497975598554,22.2804555788272,12.9333357195082
"1810",31.1477459451292,24.9523277731874,15.0198717947601
"1811",29.852686700788,23.0002594535406,15.3143011280414
"1812",30.4207753114084,23.8159284698219,14.5508900388971
"1813",30.0164006596465,22.2642753130678,13.8921822454254
"1814",29.5822388323144,24.393539338106,14.7132461210967
"1815",30.5602965122571,23.269406996879,12.5648325297904
"1816",30.5824173899492,22.2041329434273,12.1419247873617
"1817",30.6618380828232,22.0615278752714,11.0523194749038
"1818",28.8604985757565,22.172133327031,14.5070468196719
"1819",30.1502236813457,22.4964317008295,14.2627363649726
"1820",29.5516539203342,22.3863359052528,13.3337892820244
"1821",31.7860142227511,23.7194811023291,14.393395741856
"1822",28.5403212642399,21.6891119327013,14.4749602322224
"1823",29.6728737868825,22.9211154508608,13.6672706954654
"1824",30.6931544159141,24.3024356328103,14.9417790088527
"1825",29.7574559208398,23.1377154835154,15.5366038606499
"1826",29.3820843072701,22.3518347388581,15.3879361666639
"1827",31.5253839117372,24.2534528170007,14.2703047930437
"1828",28.2295006343021,21.2942628876127,13.4444433140096
"1829",29.7120372472259,23.4715901816757,13.5020024450955
"1830",29.0509856906413,21.8589023011829,14.3484324570116
"1831",29.9459954961334,22.9691195071258,14.1761061372835
"1832",30.6468106549655,23.3552231609692,15.1572787118273
"1833",31.9693183378969,23.9966372668751,12.1540295653373
"1834",31.5059856357302,23.131068235791,12.5484309415579
"1835",29.9901537932569,23.0639109535381,13.9053011833864
"1836",29.3029645228847,21.6885260966041,12.8412620887268
"1837",31.6916025400425,25.1602740719939,14.4890296458425
"1838",29.0479721046717,21.3654897248888,14.4149793021157
"1839",29.0281261097172,20.5246179943107,11.9343617464687
"1840",30.9688827309105,24.0707477790735,13.3654697549963
"1841",29.5499461303212,22.6406527962293,14.3500445575338
"1842",30.8571615950526,23.8056970000486,12.8697492418101
"1843",29.593509686235,23.1938695468085,12.467834375134
"1844",28.9342892835407,22.3316469321857,14.2064774993757
"1845",28.9567222363733,22.8108605478814,15.3656503315928
"1846",30.7244406483445,23.6929260621037,13.232924382778
"1847",30.4899046084642,23.5962968525178,15.0356505363162
"1848",30.471291453202,24.7654366420581,14.87329148744
"1849",29.6927275613212,22.2681700280146,12.8632979208374
"1850",31.5172316761698,24.6627956446068,14.4006624253123
"1851",32.5838053723483,25.2734632823189,13.1418562073311
"1852",28.4118947745642,21.9231219634783,14.5950298134281
"1853",27.9521762296587,21.3984253316487,16.4677160039465
"1854",31.0001332988714,23.2013359132254,15.0960169907948
"1855",29.3068664782822,22.1245608554389,13.7676788911713
"1856",30.1574589728948,22.3809155933368,12.5887118530692
"1857",28.8676080845905,21.5281960488524,14.9279367969227
"1858",29.6005314325988,22.5489929515222,14.7466065405249
"1859",29.8401963409519,23.176375307891,15.273538859202
"1860",31.3356056330206,25.4452678311538,14.691895300874
"1861",28.8345050251206,22.2133798864791,14.4744794781756
"1862",30.0180013314171,23.666895230756,13.911526607038
"1863",31.0945748730898,24.6401658809834,13.8996772907654
"1864",29.8644458039002,23.8390663656619,14.853739133847
"1865",30.3228684645815,22.980638288556,14.221839657082
"1866",28.6292543160814,22.2516733131625,13.7644700296236
"1867",31.2752077387376,23.56437251017,12.6870821389176
"1868",30.4440044707062,23.590935204585,13.8052250062049
"1869",28.6260411352179,21.6061552188355,14.4518579064776
"1870",28.3911995181964,22.0624093067468,14.2604192100614
"1871",29.0831092095711,21.6403255408938,14.0501118516898
"1872",28.5054150417388,21.2211745589686,13.9572193734565
"1873",29.891571527478,23.0347385668859,15.0143937950775
"1874",30.3902730879114,23.6336634629074,13.6070176809281
"1875",29.1023702099844,23.3451741818996,15.529987146942
"1876",28.6462159104496,22.1092428382529,13.3837554626816
"1877",27.6629505395349,20.2517067276183,12.8885280936799
"1878",31.7188656780534,24.8711018673658,13.1809962974628
"1879",29.6904995937863,23.0934880282154,14.957904516412
"1880",29.3261184600919,22.4038105577951,14.0216149261746
"1881",30.2914938981313,22.3152006099487,12.5395037678016
"1882",31.6972506656415,24.0239795210851,13.0583058508616
"1883",29.286787283447,22.3219613926903,14.1807512708762
"1884",30.8277591054812,24.0481972116684,15.0922722643832
"1885",29.7366573783603,22.701525014903,15.3617102215719
"1886",29.2052978160742,22.3751854906185,15.1046701144635
"1887",28.9567788146201,21.8216183048504,14.9343133706871
"1888",31.9217303384573,23.7400439635464,12.935958055449
"1889",28.9707676214382,22.2813296262769,15.1247733929575
"1890",30.6286411018631,24.1663617833474,14.9306555389526
"1891",31.3163775570628,24.3256034596256,14.3864834956939
"1892",28.7484284455303,22.1896069637044,15.5543962306785
"1893",28.8968475905043,22.0703830389196,14.638418758265
"1894",30.0128066214029,23.7529284682756,14.8289161722727
"1895",29.2982819460886,22.7457925789604,15.6217965942768
"1896",30.7106124731897,23.5676119285687,12.7362069259588
"1897",29.8878109235201,23.8672228628014,15.3321420006742
"1898",29.9678637724731,23.4456577576108,14.6689396027152
"1899",30.0442626886477,23.6906959177194,14.506429176478
"1900",29.2231345720683,22.4310199345719,14.2563427906374
"1901",29.1473262877411,20.7277615682145,13.8068177260101
"1902",30.7639608476067,22.7008809828552,12.7856445941394
"1903",29.8271887315782,23.3176616869859,14.1929169010097
"1904",29.0452190245247,20.9069499971217,14.6323741022744
"1905",30.0912295125322,23.8499737067198,14.8469501145684
"1906",32.5751282317955,25.2658524247088,13.247036591137
"1907",29.8300648902384,22.1162048150664,13.9383884612242
"1908",31.0187233149865,24.1298403144955,15.3058000358969
"1909",31.2349900621448,23.5542407384532,13.5720182618512
"1910",28.4741383273929,21.6551593008144,13.6804492120304
"1911",27.2578433948064,21.3818733643625,15.2039717708369
"1912",31.2263713185124,24.2086784905159,15.2806765877124
"1913",29.0636092816,21.7070587294389,13.3677532399533
"1914",30.1727261019516,22.9194552475014,13.7413766247335
"1915",29.9980262213774,22.6356612663772,13.7645668090642
"1916",28.3982267516631,22.3110967983755,14.1937167648282
"1917",29.7383209158068,22.9677933557662,14.3633114310952
"1918",30.9806689414458,23.8494655355341,14.5439286340912
"1919",30.5020127848755,23.7148311691404,14.916403153732
"1920",29.6895730790856,21.8222795134876,13.6475856900152
"1921",32.1586573755502,25.1738982351391,13.2541984230132
"1922",28.8607420676363,22.3520542539128,15.0600155166258
"1923",31.5724762743196,24.1532116942475,12.9811443989863
"1924",29.8823806475816,23.2179947511919,14.4110433917464
"1925",29.939605538187,23.9623331003231,15.5489334516315
"1926",28.6231500699183,21.5292098716943,12.9963558589398
"1927",29.7014345679277,23.1739251209977,14.7149203998414
"1928",29.5918070308648,23.1742716945628,13.8133943033207
"1929",29.0508023024566,22.3083480146887,13.089096973886
"1930",30.6526080046746,23.9605398563331,13.9480243822839
"1931",29.8806161109618,23.4467345251416,13.7488657563421
"1932",29.4828485745833,21.038119299448,13.6277510557874
"1933",29.4191616722489,22.3217289441938,14.2576025034152
"1934",31.4048275769637,24.1678290560302,14.2825748423805
"1935",29.2750411038501,22.4673787568181,13.9416430056502
"1936",30.8385454528766,25.2715080259882,15.1364309690154
"1937",30.3453776555028,24.2572396656863,15.2557945367093
"1938",29.1656584690411,21.3622057990399,13.7724464009754
"1939",32.329291171802,25.3131610815673,14.7703477427102
"1940",31.4280509449366,25.2686350377617,14.5847581660856
"1941",28.3229285520282,22.0191663419849,13.5469310980046
"1942",30.5840593636882,24.4250772349163,15.2120721255675
"1943",28.5970765183178,22.6157247259237,15.9129054729429
"1944",30.312584926553,23.2131147527767,14.6383128353059
"1945",29.3690392409492,23.109498311338,14.9029598689145
"1946",28.9185839150101,22.2213348902231,13.1017967457619
"1947",30.6484515367949,24.1671300683514,15.6555372422611
"1948",30.1625433402069,23.2027772106185,13.2634816664975
"1949",30.5050211795251,23.1572065909191,13.5714482053803
"1950",27.1893321648351,20.7335973953457,15.2890729884283
"1951",29.7642711585419,23.0268239263265,14.0852961959081
"1952",29.4856558806658,23.1760081420573,15.7710771005697
"1953",30.5050894864796,22.9026194147376,13.2580111771887
"1954",30.05373871611,23.209636696335,13.3144510496255
"1955",28.5747511546192,21.940327998896,14.6206859684078
"1956",30.5416561580587,23.2854308087315,14.5566309058436
"1957",29.6912179367093,24.1996937342532,16.7575563994942
"1958",29.3787340030559,22.4821153132613,12.7084473362652
"1959",30.0516728729361,24.0878046551425,14.8026664813104
"1960",28.2133092432975,21.4388874478349,15.5020269638477
"1961",31.1901787826086,24.8101017116304,14.5785220432803
"1962",28.195391854153,20.6632337903993,13.4045840278663
"1963",30.6689366043352,23.1249421419344,14.4100012643232
"1964",28.999512949809,21.3374901118933,14.0555487802216
"1965",32.1003582220835,24.061165384958,11.763866714748
"1966",29.0752251680838,21.8548475401199,13.3908186139173
"1967",29.3061908569975,21.7365435995425,13.2999443083387
"1968",30.9619338794637,24.9139301423579,15.1162825642796
"1969",30.8395992610867,23.3666385336954,13.1223223686191
"1970",29.9906983825214,22.952116103047,15.0254626045788
"1971",28.6977125131551,22.3580591890269,14.8407017370768
"1972",31.0297155329753,23.1570835071151,13.1275279266
"1973",30.3853587925794,23.2170305610553,14.5439577995484
"1974",28.6063922007526,21.6601788849107,15.0683647536483
"1975",31.3353674529807,23.4046092208332,12.6482767249886
"1976",28.9171773638604,22.5437519325177,14.9147477688905
"1977",29.7851875398741,22.3933852277427,14.2290783430054
"1978",31.2104918864434,23.7779237690585,13.5059284039876
"1979",30.1173327140149,23.8022614435405,12.6833566111129
"1980",29.3333186442852,22.1599330630579,14.1006858739558
"1981",29.9698297059193,22.2303608825726,13.1023376796366
"1982",28.698548972793,21.6488046363952,14.4302153210804
"1983",30.5765980735334,23.4991354024619,13.6901540551523
"1984",31.8236668553304,24.2963904807694,13.3331966426586
"1985",28.7704166298613,22.6268708570918,15.3036814527733
"1986",30.9483921103984,23.0073906282681,13.3800533358097
"1987",29.9990935289039,22.7421208707137,13.9590228849642
"1988",28.1588658138352,21.9119240484993,15.2718055532299
"1989",30.3451134034473,23.5550709894446,15.2771492988758
"1990",28.8232262253282,21.2833213943732,14.5025844985123
"1991",30.8711326779625,24.1773364236108,13.6535247117009
"1992",28.8049574859547,22.8093959442114,15.2141562845226
"1993",29.549003669637,23.0811831758653,14.2880330801249
"1994",30.2355938764164,24.2095701791055,13.8872891792234
"1995",31.2040388236915,24.0897819400484,13.3524539340597
"1996",29.5270252227874,23.3357288066846,13.9337065023261
"1997",30.0396623447747,22.5075920520663,14.2163683008715
"1998",29.78946066298,22.8849511560922,14.6763163486459
"1999",29.4087757435069,22.5409821922024,13.9803425581328
"2000",30.2316298171928,23.5107739169405,13.461859859038
"2001",30.6622798364196,23.276171447458,13.8546856909817
"2002",29.9244393187918,22.496733181188,13.6888271087932
"2003",30.3420366188412,24.1538330603535,15.2821008867338
"2004",29.272773110005,21.1475843065009,13.5247468581716
"2005",29.3172394000599,23.7165548989567,15.0051143091221
"2006",30.5924138376826,23.5481687270997,13.8080779307511
"2007",31.9540403000395,23.7660517889346,11.5752242306408
"2008",30.8093001839317,23.2239809218621,13.3617706949323
"2009",27.6810490988653,21.8653016435174,15.5798388665048
"2010",30.8644009135139,22.7817441106366,12.7121226538463
"2011",30.6935762229817,23.8961329499575,13.8315918888405
"2012",29.6456335279842,21.7614933607549,13.1109015830803
"2013",29.4517211321027,22.7456569459168,14.1522688155227
"2014",28.9325650441984,22.9779799857645,15.0697977173816
"2015",29.9839052602683,23.4472767465245,13.5824582320173
"2016",29.1164732621766,22.1193034071834,15.3674928067834
"2017",31.0869504619124,24.3263507024187,14.3527247690177
"2018",29.6514108960896,23.8041001641402,14.992217767551
"2019",30.5486681066821,24.1831050533664,15.0452654187297
"2020",29.0794195659683,22.9606769623026,15.062789091437
"2021",29.5230402467558,23.3377814997791,14.2582412379766
"2022",28.9912545568658,21.9696826135039,14.4170217362919
"2023",27.8504953029196,21.3553500167564,14.6647605310198
"2024",29.6329362194626,23.207437088278,14.290990325652
"2025",30.8710846403168,22.8556240913401,13.1216762206513
"2026",30.887199263887,23.4579980359524,13.2152611721762
"2027",30.3889176028826,22.9481400624616,13.4950346518161
"2028",30.4817263667181,22.5061320104611,13.6573117862381
"2029",28.1436742050555,21.0660320478599,14.3392833904719
"2030",30.7408113753742,24.3170981931374,13.4494397294284
"2031",31.2249605799717,23.5620863551849,12.9746259211555
"2032",30.9281972909066,22.1434554282924,11.928133162033
"2033",29.1526433460683,23.3888151493847,16.0302346616599
"2034",29.8726677619781,21.3813346536629,13.7487384062695
"2035",30.8582887115007,24.1595462469805,14.732096283062
"2036",29.9842382089266,22.5868743137971,13.4786064064384
"2037",30.1038872417135,23.1418414630255,14.5093467984921
"2038",29.1109555037123,21.6402535024867,14.340749549641
"2039",28.6595867636772,22.4901608797028,14.7775038879987
"2040",30.7833661364267,22.2315328381072,12.3115532545223
"2041",30.3037091946237,22.711282913167,14.4111926847746
"2042",29.723762633802,22.0381798238107,14.2107826638472
"2043",31.5823726626063,24.9403172842611,14.8750300057631
"2044",29.7232966380139,23.7073576428377,13.3117378116409
"2045",29.4727497249041,22.3345749640098,13.7994625182023
"2046",30.794032668632,22.6032849832511,12.1688378116252
"2047",30.2356746855089,22.9409473741274,14.2277427963172
"2048",30.0367554282431,23.203737524122,14.6116950177303
"2049",31.0558420092706,23.2380448282719,13.7236118378877
"2050",31.2074322872233,23.4697365877155,13.2486524162043
"2051",30.1659726601751,23.3204694181773,14.2838067974253
"2052",30.2824698966854,22.9720491823242,12.6939146191938
"2053",28.9575132420489,22.5773023123282,14.4441553850245
"2054",28.774777888616,21.7251858803451,15.565963185683
"2055",30.0912456799673,22.8831152420206,13.8718343180223
"2056",29.9661738350885,22.1906251985837,13.8991572467352
"2057",29.6339311607463,23.354586211056,13.4314088411207
"2058",29.2213439724347,22.8042973171253,14.5628767782974
"2059",29.3965125853547,22.7586018132097,12.6251044466695
"2060",29.9706030829693,22.3303084783433,13.3325299315264
"2061",29.227286338332,21.2404402813587,12.9967066796318
"2062",30.7843329056453,23.9539028215427,13.3672839016423
"2063",28.8305475153983,21.4804376698267,14.4955486135658
"2064",29.9362952559294,22.460929714954,14.3157796645007
"2065",30.123761232896,22.505876173057,14.0276231861112
"2066",30.4886017204311,22.9575490930717,12.0074043562504
"2067",30.1895297251614,22.7039921597945,12.7075623418534
"2068",29.9535186639252,22.2771477306084,13.9656155182483
"2069",31.9865851946407,24.939696966015,13.662480047294
"2070",30.9595549040541,23.2454625175725,14.1862369860859
"2071",29.8053980550325,21.7906951635241,13.3125748023217
"2072",30.4614876530072,23.4287723172825,15.0037820440549
"2073",30.5248489033269,23.961581335753,13.6929943312638
"2074",30.8322972281476,23.2515365426647,13.5714043659175
"2075",29.772948543261,22.8756762079355,14.3344223728469
"2076",31.8469193945242,24.4872105508139,14.486140748739
"2077",28.8883756918286,22.6681312031092,14.7227125253664
"2078",32.1470589517063,24.761446931884,12.9969356800306
"2079",30.6664166715214,22.8994941083863,12.7723774541572
"2080",30.8124947124816,23.9340994392663,14.6439393994903
"2081",31.2074365404358,23.7761597883924,12.6035248011591
"2082",31.5620832169547,23.2554104486546,13.2510821455754
"2083",29.7816930027665,23.1255847522452,15.2135589608282
"2084",29.8881612030685,23.1485201265316,13.3383467236666
"2085",29.7347178773407,23.7042614928369,13.3986001438086
"2086",32.2345114846568,25.2335773820786,13.7812751387641
"2087",31.3685632438534,24.532205414469,14.969172685048
"2088",30.3683713246084,22.5736361617627,13.1045705445543
"2089",30.7991668005004,24.0707595885458,14.4517598583132
"2090",30.684138417694,23.7823896341858,13.6975926016384
"2091",28.7975720489156,22.6979695825593,15.6207394230833
"2092",29.945663092598,23.0465469031442,15.0526656340919
"2093",30.9334404878536,23.9874959278239,13.6124938096293
"2094",30.8888207805344,22.7679938926399,13.3229163206417
"2095",30.249887803004,22.8579736968145,12.624531148441
"2096",31.1986726404024,22.7761573891336,13.0586560366174
"2097",31.0545120284097,23.6033622727856,13.3386791781384
"2098",30.160214946564,22.5527425981983,12.8460224246164
"2099",28.9608727636907,22.5925465721317,13.9246485106132
"2100",30.0866981721613,22.3387972980519,13.6819980321887
"2101",30.0133660874265,23.9868286910712,15.806804240501
"2102",29.3690577638778,23.2483613359251,15.0778016708641
"2103",28.9296338462884,22.73801686185,14.5918725078929
"2104",30.1771924142142,22.9061428369935,13.427600426929
"2105",29.293512829783,23.4936480359236,15.9972558503891
"2106",31.3630616419982,23.6943192708116,13.509135335724
"2107",30.3357746136512,23.1229322706852,13.934730192167
"2108",30.3125016032549,22.8379761246027,11.9297836752411
"2109",29.6135493357023,23.3634970385073,15.0438808911654
"2110",29.6492446240714,22.6682121410507,14.0483347342457
"2111",30.2639874552578,22.6469947089356,13.0303922645276
"2112",30.5879691691925,23.823995234886,13.6959085549367
"2113",31.1165779374379,23.9757031159976,14.8914642485441
"2114",29.6064867509766,22.8935986762492,14.1039039649464
"2115",28.630504906267,21.9406639613537,14.6700429266345
"2116",30.7574345661285,24.0490594469571,14.8122074247245
"2117",30.4892812318974,22.9374498789498,13.0382071011052
"2118",29.5159440375931,22.7773162933535,13.7741246538092
"2119",30.4965690595157,23.7555184488367,14.4992364242165
"2120",30.2329004326326,22.113230764973,12.824741779849
"2121",29.6268483199343,23.8207574905933,14.9696371441207
"2122",30.6621542007581,23.4264857809923,12.6682407956875
"2123",29.5005401586192,22.0609468535903,14.6516540006995
"2124",29.5896875592931,21.9215798747822,14.614467613694
"2125",29.1654421501485,21.748303931175,13.7875555712018
"2126",28.1346088103393,22.534168155262,14.285158690178
"2127",30.6463100383197,23.2437027725668,13.735508529383
"2128",30.3635760229578,23.7836948733815,14.7049143889453
"2129",30.0431680870824,22.0557216252552,12.8892061412905
"2130",29.2325785990526,23.0050321649479,15.3898753182913
"2131",30.0686394191591,23.4634861882388,13.5292492945242
"2132",30.3565960547639,23.1869846955652,13.1198119657434
"2133",30.6295060033356,23.1783270046945,12.7856445175982
"2134",28.2979793842826,22.2770707733385,15.3731669818263
"2135",32.7492060921973,24.4388828622623,11.8996519843609
"2136",30.1466626055681,23.2085718837003,14.0796489416347
"2137",30.0288736303277,22.7115724081921,13.4543702747248
"2138",30.9111381719086,23.8028561520404,12.8783768066132
"2139",29.7943417870108,22.4482231820887,14.0329457582098
"2140",31.8738993707611,24.8011523367525,13.4678317028714
"2141",29.3404487796811,21.7821625044225,14.0400887688601
"2142",31.5698781459878,24.2786561155853,12.7570248678191
"2143",31.9871681178812,25.3352584078074,14.0057237058563
"2144",30.6579661587473,23.9704643324567,14.3901102827539
"2145",29.4465965411969,23.7587760150852,15.4868486593217
"2146",31.0432861697792,22.8763368279503,13.0280994571179
"2147",31.0235954231623,22.7228666594739,13.0686922040541
"2148",29.6074606294943,22.5043067762012,13.2610486306167
"2149",31.1976637292013,23.4118573286614,12.6398794941045
"2150",29.9837867870079,23.8113122668911,15.8842883472823
"2151",29.6749735483794,21.5974540292279,11.7454493355715
"2152",28.6069711720284,20.9102391463615,13.1751314509483
"2153",29.6698869046135,22.2018207589483,13.4546760009335
"2154",28.2407652906753,21.4861002322304,14.2191894588206
"2155",29.5353791591727,22.5722631532905,13.9746435789869
"2156",30.0594715025387,23.2788250096274,15.0259253365825
"2157",32.1998053809776,25.4121261207557,14.6092469483594
"2158",31.0378498126542,23.8924686077996,12.5453806711633
"2159",30.6459385263275,23.0429207570143,14.2867532574312
"2160",29.4663349535471,21.6733208718522,12.6175618256205
"2161",30.4827998853476,23.4170682619677,14.8645290821043
"2162",29.3893919595889,22.3109306727766,13.257679403897
"2163",30.8914228224665,24.2214861980248,14.0621578340775
"2164",30.3806629461479,22.8149056248371,12.992978299396
"2165",29.8710167718119,22.7363917988357,14.1182368154862
"2166",30.4667682321199,23.207213128487,13.9432480551679
"2167",30.1016010403795,22.3556489305332,13.0743937659591
"2168",30.416934024445,23.9375356874856,14.0688183252259
"2169",29.5785016877318,23.7816170601701,17.3113616685852
"2170",30.0207316215114,23.1326781091807,13.9692467325471
"2171",30.1565012667524,22.8037999706384,13.6279700462076
"2172",31.4603987800952,24.9680308853344,12.721619859001
"2173",30.6984112740024,23.4408285916248,13.4690949031478
"2174",31.433872115284,24.3904170608928,13.7264744193996
"2175",31.5269678797629,24.1750867312083,12.6576293839312
"2176",30.5902150227749,23.8283189676971,15.4081092011652
"2177",30.0045364331631,23.4792167646992,14.4758588820031
"2178",29.9857065073824,22.8034033279819,15.11548628683
"2179",28.7447947960235,22.660204522826,15.5902393620561
"2180",29.661897300975,22.165341997536,13.0994037843331
"2181",28.9532041456162,21.8569186339582,13.341168485254
"2182",30.6315306185267,23.4618196155313,14.2270621714904
"2183",30.4997693884163,22.9310548707773,13.5314634764513
"2184",28.9995561188496,22.151249079569,14.8451005072061
"2185",29.8231394928913,23.1401311778822,13.8491330694127
"2186",31.3439243984949,24.9900628296677,14.0714041410143
"2187",30.9468359432542,23.1159430171711,12.2276067899442
"2188",28.8146044807443,22.5248538894147,14.8892329088453
"2189",30.6051857217559,22.9341932341745,12.0083610317704
"2190",29.9412849932548,22.4505892899544,14.2034691402468
"2191",30.0894574221542,23.0433694942625,14.516440837979
"2192",30.9843809120128,22.7155515458643,13.3075477928612
"2193",30.372599844196,23.7676889471507,15.3922454248069
"2194",29.5959497233347,22.7445045230589,14.3180577277936
"2195",29.6162184787126,22.4607698960532,12.3895059225026
"2196",28.8872876712718,22.3277911981052,15.939996751682
"2197",29.9715900648564,23.4854956138228,14.1435875093444
"2198",31.2262084117438,23.4237783661394,13.6135021917734
"2199",30.2736073602875,22.6819480102541,14.9670637349255
"2200",29.1918293687141,22.0833616070895,12.9151501292164
"2201",27.5788674548593,21.1636558135045,14.570187856593
"2202",30.6296217763664,23.3365503738951,14.2281986966238
"2203",30.5134561387403,22.1613305459446,11.1172330069239
"2204",29.4033434157546,21.8402639485225,13.9749797525748
"2205",29.0034961092536,21.4067675512003,13.8086977591196
"2206",30.6059526302969,23.7318832491273,14.1427893731537
"2207",29.0734093822778,23.0318252499765,15.1590609832434
"2208",30.8345077821532,23.2837502160772,14.1149835353818
"2209",30.8332542654991,23.6897739908854,12.8814361379916
"2210",29.6295177398907,22.2021863898637,14.2161155034236
"2211",30.1607097885735,22.3321507172847,13.1590548841263
"2212",29.2106404030327,22.7109820353815,12.9262002297211
"2213",30.2989050111318,22.9525520050879,11.238660988374
"2214",28.0850012341878,21.4804951773221,14.1849862649968
"2215",29.6971643359045,22.2790024565337,14.934352056559
"2216",30.2170402747385,23.5572174200797,14.0897596143974
"2217",29.3402342159931,22.0149125434411,13.1816391610666
"2218",31.1026167401378,23.9993777980244,13.1483288226581
"2219",29.4184455786538,24.1552325998762,14.7388649169184
"2220",28.899055723055,21.7479450202886,15.2605820376406
"2221",30.3454921968365,23.1913188957951,14.5529171579826
"2222",29.2006265900039,22.0077966879761,13.988430172004
"2223",29.9151323490328,23.4601971779658,13.7424346751099
"2224",32.6306975498318,24.3096972944548,12.4193390966449
"2225",31.0019925129187,23.6576444131988,13.8510257737824
"2226",29.9015561338378,22.8231191515656,14.5190399116058
"2227",28.7864033636358,21.5539179549677,14.5651549201038
"2228",30.5852116674519,23.5885080180964,14.0429408511646
"2229",30.0745063318757,21.6571406041237,11.8705400174395
"2230",30.9343650689547,23.9525946076704,14.0001165897372
"2231",31.269971468192,23.5337322547246,13.513999475053
"2232",30.9983948640995,23.0555005045498,12.6441823037711
"2233",28.855370333531,21.5133440104432,14.1884295580175
"2234",29.2447201919206,22.078619475907,14.5352740721401
"2235",29.4191781495417,22.1671666104125,13.229022011658
"2236",29.0693975498667,21.8732528913172,14.4176072103216
"2237",30.7539503657371,22.6770393238048,12.8746100242099
"2238",29.4421670230046,21.8072241949082,13.2393011186932
"2239",29.4349793357907,23.7378104817956,15.6799029353254
"2240",30.8288827302385,24.359948976909,14.3683473101961
"2241",30.7737516843143,23.2584829674484,12.1853105790889
"2242",30.1869993721366,22.6589585418992,13.8908623541834
"2243",29.8880899528484,22.7778668199852,14.2303955548546
"2244",30.2191071650584,23.2727578796475,13.559642813743
"2245",31.154663026058,24.0658049385248,14.8771336502271
"2246",31.9349418217488,25.6784075069034,15.5728418375588
"2247",29.6819380238486,22.3462143529774,13.5975940075677
"2248",30.2044457651644,23.6125434745543,14.7081307022353
"2249",28.9903351224183,23.3179699285454,15.0388871694844
"2250",32.1215178761881,23.9270992114483,14.2411330512501
"2251",31.0202438672646,24.4496650603449,14.0061719375677
"2252",29.9752888133899,23.6196338528871,15.114048010565
"2253",31.199281716931,24.4557785739857,13.6265876618816
"2254",32.2389124396758,23.8300333828619,11.6190768806641
"2255",29.3276816030042,22.3657095215438,14.710787716647
"2256",29.1376150127012,21.7709506471527,12.9987621159387
"2257",30.9737819231762,23.7418724316145,13.0840476221835
"2258",29.8609390822379,23.5401982222369,13.4953795380687
"2259",31.5835041884106,22.8713611656075,11.8039212005433
"2260",29.5634904055001,22.7798236963749,13.8505455881968
"2261",29.8795958052883,23.4526083180022,14.7958690734595
"2262",31.0367827405023,23.3917487856249,13.2230292462715
"2263",30.7291237865498,23.2281511010202,12.2983516791084
"2264",30.933936107576,23.937050002288,13.3472018955262
"2265",29.1753518073832,22.8002846784671,13.3736591727741
"2266",29.3468194108644,22.6851194280465,14.4265150578654
"2267",29.3597822776126,22.7202477954515,13.3680462787558
"2268",31.0604038090395,23.296666377941,13.1766185037684
"2269",31.676758633946,24.7571035138992,13.8051479460861
"2270",29.4592798616136,22.7121480213632,14.6316603882332
"2271",30.4792956825831,23.2414252123147,15.2214388985387
"2272",29.3280272872603,24.0419305646742,14.7055355595017
"2273",28.9860462651922,21.8813785533078,13.6489282799418
"2274",30.7488683155095,24.1979887904713,14.5767038868382
"2275",29.1803934746537,21.2828899270779,13.1640270095979
"2276",30.1562007865434,23.6474672321783,13.9224080227003
"2277",30.7424223092469,22.9441854234435,11.8565059541582
"2278",30.0217649375799,23.4798133497815,14.2554859119048
"2279",29.7789790983213,22.15890720889,13.129414920896
"2280",30.2003320792127,23.1611067048927,13.8664434439017
"2281",30.960407959598,23.8089167178343,14.0481333802592
"2282",30.257839080586,22.779435050846,12.4319866272264
"2283",32.3222139731551,25.6860690975551,14.0759253796905
"2284",30.3713429665443,23.9210002247389,14.875341464012
"2285",29.4805476925419,22.7559982642385,14.3702913816037
"2286",29.9675026955693,22.9341803842393,12.6406254357187
"2287",29.8624465660338,21.4128145244405,12.9860078313965
"2288",29.9547356185719,21.6836949754973,12.8595744763827
"2289",29.3764398895693,22.2785300320485,13.7497009288104
"2290",29.3848686057596,22.3619256906759,14.0961954019873
"2291",31.4854088149504,24.848631774986,13.7464006582693
"2292",30.0089146460913,23.2417649119921,14.7917317553618
"2293",28.1200297421769,21.6603506287114,13.8243623606479
"2294",30.5006517730662,23.7516634837298,14.9614983799293
"2295",29.1119199140567,22.8958734317568,13.5569768614438
"2296",29.7303958048979,22.5083480743675,12.5011015562913
"2297",29.8702037920816,22.3526226367871,15.0585833040744
"2298",30.2019630880353,23.4800277185085,14.4406498656391
"2299",30.5572636308153,23.6817526972626,13.8934858807025
"2300",29.8646988026025,23.1560120238427,14.474506128774
"2301",29.5651466954175,23.4954206522816,15.361028218999
"2302",30.430351722329,22.8244622809856,13.7380669162217
"2303",29.8353336355681,23.4239966888227,14.9419099725329
"2304",29.8140972099508,22.2570322791084,13.6770007787658
"2305",31.0785678392356,23.8352361882686,15.2915077283155
"2306",29.2782279189425,21.5746322762093,14.3494211833904
"2307",27.7757825808181,21.0498833550465,14.3707765462725
"2308",28.5111302115099,21.9385500220761,15.016293867398
"2309",30.5830073456268,23.4682982224123,14.5328061039287
"2310",31.4648872638281,25.3711329667846,14.7463223689272
"2311",29.6785365419982,23.3545596159054,14.3529598396382
"2312",29.1462536005672,22.5428342370842,15.2505084255362
"2313",29.5254724831797,22.2677992069188,15.0329153340067
"2314",31.1560693725399,23.9731441812147,13.1506698978619
"2315",31.0190645343338,24.4571977901772,14.8959958280086
"2316",29.5482423997709,22.8678257110638,12.9333993016847
"2317",29.5649439458149,22.6129296524227,15.2704444797904
"2318",29.0872499726308,21.9950917819599,13.3412947770264
"2319",29.2391188085807,22.5615180220405,15.217887237796
"2320",30.7149840430992,24.0338091186937,13.5019992835033
"2321",31.1174470079703,24.3245070252003,13.5784215727846
"2322",32.3256621136949,25.0676109210566,15.4920271034079
"2323",30.0329889885591,21.817324738246,13.643234737109
"2324",28.9324471482115,22.8485570500986,15.1502708348811
"2325",29.906751587687,22.2645839341792,13.5375961089805
"2326",30.8373021461937,24.1276238026074,13.6262994283572
"2327",28.3949332170186,21.64381878298,14.2963110088777
"2328",30.4176724489466,23.9030405751197,15.83339445182
"2329",28.1465423306214,21.9479405766023,15.7134051552169
"2330",29.8236379140625,22.1995677165503,14.4034651640136
"2331",29.099468333264,21.7474962393838,14.5989832221431
"2332",29.3196987387338,23.0675333252518,14.0082822420186
"2333",29.9829735486407,22.6857590271997,12.5849187781786
"2334",30.891494824675,23.440410470035,12.0017252810286
"2335",30.7435605690157,23.2482545353999,13.7472067492667
"2336",29.8967609189123,23.1143167721192,13.7139907177001
"2337",29.5505629472715,22.6777949232989,13.2836150859629
"2338",30.0352751467348,22.7379064631507,13.1120586308264
"2339",29.9777874165593,23.3229527889354,13.8047093068452
"2340",29.503193148558,23.711294660296,15.6624494819212
"2341",30.8207914033887,23.0619699162357,13.647414722471
"2342",30.1875037099959,24.1515687371037,14.7989931614994
"2343",31.0258264527549,24.5755413579039,13.1510280846515
"2344",29.4401369996612,22.1038532744452,14.6746010470378
"2345",30.1525891567113,23.4771451038271,16.2497548835637
"2346",30.3698953493464,22.9006563615336,14.4018759887179
"2347",30.6488447201943,23.5145056225678,13.111776820482
"2348",30.6525130881922,22.2838900065837,12.4387517744434
"2349",31.0248081697323,23.8283093245712,13.1632269988669
"2350",31.0135541893683,24.2605826250556,14.6755038671244
"2351",31.6417395317344,24.7615647467556,12.8780820734753
"2352",29.1660769465255,22.2800978956474,15.1458357905023
"2353",29.547839843772,23.1177258685411,13.6449143097389
"2354",30.9102539436943,23.7010611228413,12.210296820657
"2355",28.6808200196347,21.5282147410408,12.3810946567223
"2356",29.7728469781982,21.7642443109224,13.3640694247861
"2357",28.862129808532,22.7312958969042,14.0279250976644
"2358",30.374202525951,22.8954155550621,13.5172146193034
"2359",30.6910049015047,22.8596679998927,13.2322559276266
"2360",30.4310897226961,22.8030472016226,14.2174208965236
"2361",30.1625300574285,21.768756175232,13.3012637093956
"2362",28.8172271099064,22.9810166558198,14.9973467097959
"2363",28.7515812456535,21.1187351028641,14.0121363716746
"2364",30.1717412073841,23.6968271145255,13.5286171755462
"2365",31.0402230647076,23.5597714919008,12.8386616299526
"2366",30.0872855508153,22.9149059085171,14.6561086736906
"2367",26.9121779173222,20.5780919050904,15.1780747162097
"2368",30.4790992391996,23.1783155113765,13.4660021047721
"2369",29.4736694005563,20.797866237224,12.6674186239312
"2370",30.2618169885987,23.2438258275146,14.0989534434047
"2371",30.2586447861585,23.7552325561826,14.1836823267409
"2372",30.7881454441104,23.6986846624226,14.3231501034134
"2373",29.9312954995773,23.7827034282466,14.8445670014653
"2374",28.4341590597594,21.2489640855216,13.6834802813759
"2375",29.963302076145,22.2537018023183,13.4803460635679
"2376",29.4284599756533,22.2445125102,12.8348110041806
"2377",29.4584069409459,22.2777150295218,15.2178134333083
"2378",28.2830098377778,20.735095627675,14.2888583466535
"2379",29.2811558722911,22.0204415214078,13.4556377357254
"2380",31.5622855025464,24.0889453243539,13.6215333815002
"2381",31.3310465967912,23.5515059122727,13.6642826680226
"2382",31.2576684517231,24.4734786017998,12.7764709789598
"2383",32.7556487379442,26.1779616965514,15.1037755030613
"2384",28.4812911230328,21.8604886643957,13.5215164198334
"2385",30.2873274314232,23.9873288033559,14.8912387681169
"2386",29.9277934977891,22.5529232048092,14.8527052675211
"2387",28.8812838792703,22.5109123105393,16.1483668291985
"2388",30.9101918567963,23.1052987603615,14.1530870385798
"2389",30.2762065212309,22.9875705365005,14.0376907751785
"2390",29.9339150321138,22.2337974886166,13.6231816024006
"2391",29.2750561533337,22.8816064640926,12.643757965116
"2392",30.4433633618044,23.8782077317218,13.3322455627166
"2393",29.4040300007438,22.0524978702997,13.681545615246
"2394",28.9816091935778,22.8034800589142,13.4210211158794
"2395",30.1694763191934,23.4801702311386,14.2316034620774
"2396",31.0697642752864,24.0510035016979,13.1480114476189
"2397",29.7585937588754,20.9839196649662,10.9944016285476
"2398",28.6404840032933,21.6387113515361,14.2223877868302
"2399",28.8733214453822,21.6345444803761,14.6881491466282
"2400",29.0037072858658,22.3403605676362,14.1146859482259
"2401",30.4733509643688,23.4905501276475,14.0593752996129
"2402",30.2509942509768,23.5735164694651,13.276882358053
"2403",30.6470785081283,23.7593458795434,14.8035176452847
"2404",30.1370684250645,23.5011236477318,13.4226297256369
"2405",29.521168414129,22.0255973516588,13.8528391075626
"2406",30.3143047533116,22.5463072008934,15.2506778450814
"2407",31.696139501347,25.1352469089133,14.5850752920633
"2408",31.9714758020423,24.3645147448738,13.1222585405433
"2409",30.316126535166,22.7052734877921,14.0064467344073
"2410",30.0271209113947,22.4758709169169,13.4246340372846
"2411",32.5334425238684,24.8199796896438,13.5931365944438
"2412",30.4294962995094,24.628645745398,15.3104327204771
"2413",29.4694629871984,23.7287402566305,14.6354486049264
"2414",28.665216907149,21.8307897966412,15.1021264075537
"2415",31.8807955295196,25.0088580924014,13.8389336116961
"2416",31.1275185821276,24.1327217240139,13.3826406077589
"2417",31.2171265986483,23.2642633171736,12.121754116884
"2418",29.518473169118,23.3766574357078,14.6434810578781
"2419",29.3981786475756,23.0143920171895,14.1075635086367
"2420",30.6112942451214,22.8375524983521,13.5358621012981
"2421",31.7310895285965,24.7032131352484,14.9005941371688
"2422",30.4964310466048,23.9421379262137,14.5955524708204
"2423",30.7523020437268,23.6958275085956,15.1271547530565
"2424",30.3032287358751,23.3226702667951,14.7278032706969
"2425",28.5475758032247,21.1958028789436,13.7794334435361
"2426",30.254119459101,23.8947391202645,13.3623352463965
"2427",30.3440768408711,21.9240871080262,12.3350516441752
"2428",31.090185858276,23.184083741817,13.7862782791531
"2429",31.3858485375169,23.3576376264472,11.9710720126384
"2430",29.3523563165105,22.4991614439171,14.2817945513254
"2431",31.0379455399672,23.9672230620899,13.8543898135962
"2432",27.422493078379,20.2956426930959,14.22421733321
"2433",29.5808351495454,23.217174228184,13.849527659582
"2434",29.8771324770894,22.4827535547293,12.392233596369
"2435",30.3248225497955,22.939299053814,14.4765295350998
"2436",28.0483828491768,22.1274626723473,16.3367375037528
"2437",29.2398134118942,22.7123593451638,14.7325924227339
"2438",30.2685389625102,23.7606354430107,15.64633236913
"2439",31.4366248356821,23.7053885292451,13.6581934690194
"2440",30.8316214104625,23.9999408926523,13.3452860676753
"2441",30.6866828642885,24.1395496615384,14.8670629108903
"2442",28.642240689549,22.2496562321683,14.7686926336075
"2443",30.1865532206036,23.4243919073082,14.7360601603175
"2444",31.1017062515386,23.2876202339924,13.8180005600425
"2445",29.5296628809299,22.0020591533082,14.3240255408094
"2446",28.7395009947842,21.8427166863454,14.6599411377435
"2447",30.6408890884338,23.6626575952793,13.8248488576084
"2448",30.2374611150517,23.8330166425413,14.5592889607394
"2449",29.227003567602,22.9820699423371,13.5324565596672
"2450",29.8291667671846,22.8701226116153,13.009061116256
"2451",29.5388442309932,23.1797456394117,15.5457920601088
"2452",28.0538477201021,21.5001105349981,13.6398868164038
"2453",30.1446608854799,23.0668030894682,14.3070348351265
"2454",30.5318113089193,22.4055534299585,12.2054157720748
"2455",29.392028451902,22.4875782174363,13.4427328796647
"2456",29.9183866039961,23.9483078005482,16.311923569805
"2457",29.5316379174402,22.3399910778432,14.3393508417058
"2458",29.8800796953007,23.7778555997584,14.5812871231932
"2459",29.0672685052203,23.2496181742392,14.4290720383216
"2460",31.7856914512128,23.6812363812548,12.2702061012506
"2461",30.2066456440041,23.0605526830083,14.9545488115474
"2462",31.0604360003235,22.6068600539239,13.1047807954915
"2463",31.2059104077311,24.2424265850641,14.3793155167647
"2464",30.1306438864626,23.2290670622017,12.5641910788729
"2465",29.3818761962893,22.8986469129284,13.9567126770657
"2466",29.7592279629241,23.2304132029066,14.4787502552968
"2467",29.5476017680405,22.0720610900538,13.9842934304854
"2468",29.17653818405,22.0328036804247,14.1737824584747
"2469",29.1098560134621,22.528963111083,14.7660104857512
"2470",30.036617954265,23.781117448489,14.4848011775284
"2471",31.3414929877102,24.6234605017739,15.1337344464022
"2472",30.2636674982104,24.1713756272753,16.6990222615008
"2473",29.1087918533649,21.6959132977442,14.3444142052334
"2474",29.6946878100632,23.93284720446,15.0766089137667
"2475",31.7419450841274,24.5376558390482,14.2771794850108
"2476",29.2171350697463,22.8708887826839,14.068656930298
"2477",29.8311575111905,22.6347032197312,14.0792067661461
"2478",30.7436490475068,22.7028865029188,13.067223069773
"2479",29.5999842630028,23.3826463950424,14.9187880514455
"2480",28.8074091742817,21.9906795903968,15.4856855260588
"2481",28.6837137028121,21.7338118288344,13.8580054188303
"2482",30.608906161052,22.8621787405092,12.7606355405373
"2483",30.5237776554869,22.5023859753602,14.2836215180302
"2484",31.3036280346109,24.7549587222246,14.6267411371913
"2485",30.3877763157791,24.5075071737103,15.3543385804591
"2486",28.0006337449789,21.0808815287591,14.0133316587237
"2487",28.4623091042837,21.7070960148595,14.2789917764105
"2488",30.2721086690947,23.7121250351425,15.6453987297213
"2489",30.4188569774398,23.7214183125905,13.2820072776844
"2490",31.2512910694392,23.9583007410273,12.5703103030035
"2491",28.1070454801922,21.0633387456012,15.0437840263204
"2492",29.7366025687708,23.8094677848882,16.3060779812125
"2493",31.2209072916615,22.6839544894752,13.3877276297381
"2494",29.0510293771531,21.7974453811517,13.8936446190558
"2495",30.9115123571077,24.0893377619523,13.50390089631
"2496",29.0603884751155,22.5915715790956,14.1600769058411
"2497",28.934668129897,21.282300463396,14.1931094677458
"2498",29.9809024841512,23.5496829095915,14.305617884654
"2499",28.6814418995229,21.4131953569118,13.8185992959388
"2500",29.2375325206125,22.5162462917167,13.9887126601304
"2501",30.8864842387223,23.6101781968058,14.5752927938339
"2502",29.5969098376261,22.3881260923018,14.3699152310568
"2503",30.6524983806429,23.8789103299318,14.4599402302329
"2504",30.9745295915215,22.5994074957978,12.6874673967401
"2505",28.9441222636611,22.3263345119059,13.2645243758806
"2506",30.4414065322924,23.3916882876982,13.6992241024146
"2507",29.8326239416367,22.6902704154794,12.351043936291
"2508",29.054038182213,22.1153859539389,14.5051724624656
"2509",31.3041672258265,24.2453340684484,14.6198742642813
"2510",28.5509381206289,21.4463554503248,14.3823371849852
"2511",27.9452254519401,20.7212473448823,12.9440027436254
"2512",29.3444615563159,22.4284690284553,13.9070076250849
"2513",29.5599746144514,22.2324590733045,12.8270283263226
"2514",30.3955811737177,23.435949755922,13.5532126053133
"2515",29.5834278163541,22.0541594035496,12.7903283260283
"2516",30.8168999235772,22.4778985800292,11.9945790117267
"2517",29.4122886686933,23.3065805577771,14.779190643675
"2518",30.536788080704,23.8154887374622,13.9950176318577
"2519",29.6636647668304,21.5223073467861,13.2834154690981
"2520",29.6324311714516,21.6452902344116,12.9519284211553
"2521",29.0881708092208,21.2224940631864,13.2897632617638
"2522",28.4354842601401,20.7285643390758,14.217338437743
"2523",30.5992296210051,23.9899666022619,14.9826756193389
"2524",29.2575708352157,22.0815739043012,14.7475431887007
"2525",31.3283442215798,24.012381004831,12.6132926440409
"2526",30.0970209020218,24.0467696250134,14.6677142800947
"2527",28.9656004737794,21.8177941771289,12.8493029839717
"2528",30.3994414002428,24.495235084804,15.2894910440609
"2529",29.310978430044,22.9411648829985,13.6879325142394
"2530",31.0088182968859,24.1385840479986,15.2128422144622
"2531",30.2731216766173,23.0807219158442,12.8491206056845
"2532",29.6216506771179,23.4160529612833,13.7619744799874
"2533",30.3747964242638,23.5839349796337,13.2152904256085
"2534",31.5809704324539,25.12743440233,13.6243274862845
"2535",29.3847030199995,22.8234194060042,12.9362680541041
"2536",29.7367240409333,21.997029683552,13.0237746988769
"2537",29.9957183008841,22.4513416800459,13.1638726206977
"2538",29.915360754164,24.5272821997457,15.3360450873812
"2539",29.492343424548,21.9359801209678,14.6710153494903
"2540",28.7152775617003,22.5974236305463,15.2160814332077
"2541",32.2392703411049,24.9242321357109,12.5261445276716
"2542",28.807518682263,22.0580932853738,14.1707162430881
"2543",31.1184730316543,25.1201042041271,13.1047028126296
"2544",30.4298210562551,23.1282203167507,13.6725423767318
"2545",31.0366355128574,23.9786299404947,13.5211476760544
"2546",30.5075987685607,23.7529892367265,14.059146293039
"2547",28.9528794813962,21.3571451014618,13.7111886698511
"2548",29.4978136715159,22.7585235218189,14.9230126910713
"2549",29.2298049443133,23.4129594347243,15.7773048427643
"2550",31.9413120143412,24.8986862679653,13.2990756242282
"2551",29.3907973313013,23.383969366117,14.3733035603057
"2552",30.0505600514194,21.8928869063184,14.7009583122024
"2553",28.9168633068647,22.4532373275316,14.0985542825798
"2554",30.7388016253613,24.2022802577805,14.0612100854118
"2555",29.4857887931794,21.7788121839512,14.4025419467785
"2556",31.4979141435289,23.8252533947159,12.8035404374159
"2557",28.0068532990518,21.7099229577138,14.2759239059349
"2558",30.7968344263742,24.083829273495,14.9770546173446
"2559",29.0642593161499,22.6843060678214,14.6942442867561
"2560",29.6034039111772,22.9273415794772,14.441159469645
"2561",31.2542722271301,23.7020234581592,13.6818165543003
"2562",28.6096976196081,22.4221903604025,14.7474464936147
"2563",29.9129792126164,22.3643612532102,11.9832828646178
"2564",29.2264189727796,22.2306660774027,14.1806382740044
"2565",29.5967905556198,22.4997064817954,12.4973225474502
"2566",29.1839506721837,22.0713984418918,13.8661364623664
"2567",29.7169140572878,22.7717915243324,12.5028930854045
"2568",28.6392783278977,22.6779819259748,15.4441223927814
"2569",30.8591250077735,22.6080146168702,13.4611152442798
"2570",29.6618679340617,22.211083892081,13.7534963781254
"2571",29.5019915288163,23.1849044960646,15.2669178694131
"2572",28.8446969527804,22.8263070861632,14.8899732330677
"2573",30.8165689315763,23.2420685628693,13.581535967279
"2574",29.7301948053095,22.2790005325065,12.0149043122176
"2575",30.3753258252211,23.9618547901755,14.5678806651334
"2576",28.8956123390304,22.2785755129521,13.7924664246774
"2577",30.518013695347,23.4308584519069,13.0715461929193
"2578",28.5584718206389,21.0615979975248,14.0859639128843
"2579",29.1713957946616,21.9921623794482,13.0979663826349
"2580",30.476896904359,22.1207782348703,12.8147624760003
"2581",28.9655789587363,21.4727302978523,13.417731762472
"2582",29.9966394216144,23.5054590120108,15.003027826926
"2583",29.2226100780665,22.3758730716411,13.0254742271556
"2584",29.5931988381304,22.3268088642242,13.8844022431449
"2585",29.5278449594698,22.8509483764976,14.6114658839164
"2586",30.6971842469955,23.5649224741632,14.3207108181897
"2587",31.1309227635157,23.5589717511552,11.6748799832237
"2588",31.9152441903312,24.7045066002272,15.0835757642476
"2589",30.5130386928703,23.3979350711561,14.0753055200666
"2590",29.0384288046589,22.9950086383837,15.0443686740304
"2591",30.3177956437813,22.8292215794599,13.0465463206337
"2592",31.2231595040596,23.8735193936076,13.2331668812992
"2593",28.009712000293,20.8995576051713,14.4118548125223
"2594",28.9338398270705,22.945544576247,14.6670048856772
"2595",28.4112113156359,20.593590434026,13.5048251805626
"2596",28.6387255632379,21.9376972460073,13.7949822019825
"2597",30.4205658915124,23.9071143831693,14.3569477508165
"2598",30.4392782180932,23.6836421536855,14.977127848828
"2599",31.3642434279962,24.0198492181705,12.6715042281392
"2600",29.1329255406805,22.936916876043,15.5383795640046
"2601",28.2363707847445,21.6882806763973,14.2545788479573
"2602",30.7081779498224,23.9289143916055,13.4549688109868
"2603",31.2559007121844,24.2039046508638,14.3549919464724
"2604",29.3096454279506,22.3435865153065,15.1991823135798
"2605",31.2521333749888,24.3079029378396,12.707121019555
"2606",27.9030987634265,21.7871768380025,15.3038294124417
"2607",29.3645664433474,22.2587971233513,13.1936918605001
"2608",31.1918618606452,25.2369112808917,14.1049099227394
"2609",29.6457066747916,22.5218713307909,13.5759741850733
"2610",30.0157208703898,22.5419544217966,13.3101890475299
"2611",32.2976802900065,25.6292245357311,14.2782629686224
"2612",29.9276665847207,23.2947360779637,14.3984035709265
"2613",30.8147658778639,22.8998113412968,12.7429184105303
"2614",31.4431303542085,23.528169968743,14.8722831459897
"2615",29.2375348455492,23.1959735499193,13.5568868738652
"2616",28.7150383709751,22.855327975304,14.5930262575244
"2617",28.3558137056165,21.5823968048674,14.9692378752193
"2618",32.9760048171846,24.6345638644904,12.4737571854054
"2619",28.9182906813615,22.6371717284519,13.9346890336141
"2620",30.8992382147158,23.8626696768932,13.6874317372847
"2621",29.2072753132747,21.5239840338335,14.0638214110779
"2622",30.0290977812879,21.7069010837363,12.305939279695
"2623",28.6659274287752,21.487041670173,13.9529148230214
"2624",31.4071010089864,24.5070722458217,14.0359698138653
"2625",29.5924484881268,22.8052307936862,15.1306761661793
"2626",29.574797827331,23.237497232579,15.1498924728543
"2627",29.3233503943875,21.9819025055883,15.1689186356823
"2628",30.1068798131978,23.2498144640465,13.6786420105124
"2629",28.7583295572361,21.9932068673626,13.9310859926447
"2630",30.700904767375,22.9569037516683,13.4239787455539
"2631",30.4408738820779,23.6629118287263,14.8117040777617
"2632",30.3317465872599,22.449884677773,13.5797160362126
"2633",30.5160878535777,24.503039204017,13.6440462494261
"2634",30.3370009216984,23.8053755065924,14.7321555011122
"2635",28.8012666610865,22.2423277799333,14.6206848443278
"2636",28.2975513457756,21.6840741282975,14.6191756813841
"2637",29.1984250004567,21.6123479496904,14.0423329581253
"2638",30.1675714983113,23.2286321855272,12.6117808328608
"2639",29.7432450894071,22.5784205808448,13.8446098318712
"2640",30.241531599492,22.3210064522516,13.342789705313
"2641",31.3752348307892,24.0218345613368,13.8422704600704
"2642",29.315365871307,23.1866413726854,13.9020908102766
"2643",30.7020278368326,23.7154459017432,13.3819102206181
"2644",30.7498624202139,24.3914595040695,14.1312868340811
"2645",28.9655222462021,23.1335875566663,15.490546449713
"2646",30.4751034619009,23.8451190576128,13.7488252620476
"2647",30.2678960062368,23.1837964401799,14.5514740115324
"2648",30.7737467191807,23.6934694217593,12.6241296255415
"2649",30.1435564659546,22.7334381730245,14.0105734305579
"2650",29.5275494615925,22.5671681555045,14.1766270370422
"2651",29.1935333423429,22.9985966114005,14.4488854317161
"2652",31.0703588234293,24.0557109873601,14.0781795613328
"2653",29.0390383329885,21.6951599266019,14.6603394327783
"2654",28.6095411573382,21.7444867256617,14.8487470376283
"2655",29.9367675657305,22.1029989975409,13.3749361780943
"2656",29.9226847192506,22.8513474232404,14.2695889048779
"2657",30.0809097423152,22.259034847341,12.4912111088233
"2658",29.170847142148,23.605453687198,14.7004339650248
"2659",29.8223198521327,22.7117163801678,14.8721805886878
"2660",29.501263415714,23.2034445543918,13.8193497789575
"2661",28.9101816599087,23.3892919417933,15.6410331748923
"2662",30.4823882955013,22.9752439218862,13.4350708943442
"2663",28.9081018001731,22.4036174842285,15.5855938523397
"2664",30.0606973267847,23.2379499563137,14.6915426848359
"2665",31.9312993951156,25.0580651071984,15.7533758967651
"2666",30.2259536141471,23.3789925143063,15.2825956587319
"2667",29.3657824837104,23.0357194725374,14.7869993620351
"2668",28.5047052117426,22.3758489350619,14.7916803072677
"2669",30.2642271533219,22.81848673798,14.6953970242693
"2670",31.7482439124459,25.1302776156541,14.2223809932366
"2671",29.9315255196875,23.3022217563344,14.7239890150552
"2672",31.3584713046588,24.273535265957,14.9250117436612
"2673",30.8620330569594,23.9021205230432,13.5369389615846
"2674",30.7561436743247,24.708016231877,15.3336640296646
"2675",30.5930317781696,23.8727013194979,13.65595435362
"2676",29.1785857849534,21.3030608218142,13.1767104821035
"2677",30.503358413161,24.4352788068177,14.8721656275781
"2678",30.0230165844889,23.3058335195252,12.2804392405959
"2679",29.5645616789216,23.0879199380832,13.9710275771108
"2680",29.1751618526168,21.8969746158932,13.4416983711482
"2681",30.3209925352984,24.3200626944223,14.9416289587042
"2682",30.8155451919858,23.9373069879888,14.4212950097813
"2683",30.6291391341138,23.1229506163664,13.2347760333005
"2684",30.6697185471449,24.822832462286,14.4899664498543
"2685",29.0309842774888,22.3233037073199,14.4474060466527
"2686",32.2737801150465,25.0206802683562,14.1249377183529
"2687",30.5325524648113,23.745297444397,14.7544326014169
"2688",31.4597003131049,24.0605468691248,13.1084613570855
"2689",31.4494666781039,25.2458559736892,13.4820031709772
"2690",30.1993829523606,21.9448565982862,11.6238438100204
"2691",28.8679845323674,21.1819657798885,14.2716462724908
"2692",28.6498094352293,21.600001110517,15.4218769927552
"2693",30.3554403474739,24.0080497146942,14.7508018813753
"2694",30.8455359729524,23.6545604869651,14.4622607593833
"2695",30.7119503685301,23.3817938239669,14.1753848300175
"2696",29.5890233670846,22.3514437046013,15.0756025473128
"2697",32.7462429918218,24.7353157710138,12.4602507905994
"2698",29.476215707464,22.8256168624591,13.274356365921
"2699",30.643395087843,22.8324129623313,13.0993647634403
"2700",30.2055972174586,24.2568864090914,13.8876401569723
"2701",32.2041264875531,24.564623423264,13.5975832593248
"2702",30.474023849484,23.0548543972188,14.4570246868125
"2703",31.6249891260864,24.5701272256845,13.9160225510954
"2704",29.4637314625372,23.9032473558163,14.8817358423606
"2705",30.9861503199055,24.2499744134629,15.5115557576964
"2706",30.2750961915224,22.236734370639,12.873105303832
"2707",29.8280783903383,22.4739223507036,14.6923087772877
"2708",30.4958380333302,23.2446779960887,13.2568919781756
"2709",30.8692234198992,24.4805168914083,15.0349304115287
"2710",30.8588010685528,23.5232407609013,14.6354707963089
"2711",30.6934892273248,23.9365130053052,15.0016028027935
"2712",31.2835005603352,24.0823417787206,12.2679947733328
"2713",30.8995883004097,23.5884731259036,13.9201372690102
"2714",30.1634010960945,23.7166589456214,15.5222000109857
"2715",30.4451276433812,22.7011163844559,13.1907388185954
"2716",29.8820199142188,22.1966717711484,13.2097207142213
"2717",28.8837866476912,21.6764786002016,14.2999010707603
"2718",29.9051235586741,22.273534919706,13.5459342452688
"2719",28.4372717245974,22.0788838277364,15.19054735391
"2720",31.0016633800189,23.0919958767808,13.5698765420142
"2721",28.4949314757844,21.9123874096461,14.0970153315531
"2722",29.6532401393831,21.8220890406538,12.9508126698924
"2723",30.6482139599937,24.6482489376807,13.7628744239336
"2724",29.5766489577932,22.8913751519297,14.7664656526142
"2725",31.286726729389,23.6054693753998,12.4137213606618
"2726",28.8487809903615,22.8430024386835,15.5964332456064
"2727",30.2209570716236,23.4617612220645,12.7849256949923
"2728",29.7310921025704,23.8217889022451,14.1467337933599
"2729",30.6110170795301,23.7057118909173,13.9502909532916
"2730",30.466541084393,23.8109065489647,12.7202910111097
"2731",28.3682208385047,21.28876751506,13.9614426854046
"2732",28.7264716982205,22.7150378332206,15.0788404124627
"2733",29.592208043854,22.1474685162451,14.2480819063095
"2734",30.1225566558175,22.7010918598889,13.9523577149365
"2735",29.0817223271396,22.8355893595936,15.0346096822142
"2736",29.555736156916,22.3502333524578,14.6611521000913
"2737",28.9495822006269,21.0259952685765,14.4720827355699
"2738",29.3346125776407,22.1569652242243,14.510624944106
"2739",30.4107888209971,22.5558686084953,12.7256694638895
"2740",30.0328556301207,23.4393406481651,14.1120901365968
"2741",30.0822145065686,24.4721287580413,15.8485607133548
"2742",30.3449532767965,23.258631556122,13.6697667101384
"2743",30.4530239031933,22.8216217653285,13.4854587643058
"2744",28.4918066989783,22.6570724766509,15.5611683910514
"2745",31.9950122328242,25.5874456204183,14.0194956237535
"2746",30.4514124448213,24.2973501570176,15.0857011101626
"2747",29.9195828963233,23.5050973949667,14.4470079857364
"2748",31.1790236760541,24.3356881912989,13.9985110586706
"2749",28.0997598314364,22.0896860908702,14.9968953007866
"2750",29.9335550100302,23.2046399023199,12.9502818773912
"2751",31.4059481634016,23.7802305130808,14.0907074103374
"2752",30.9687941045941,23.8389610973252,14.2226362443491
"2753",29.0946214890209,22.8830503584038,16.0670053628237
"2754",27.7391691001772,22.0319580023351,15.1802635008526
"2755",29.3291744235165,24.3780354698436,15.2058674896865
"2756",30.1181350275038,22.7168493059333,14.1932443400311
"2757",31.1467323511377,23.3604008384469,13.000169552025
"2758",28.9185695610895,21.3825208543859,13.6734720338307
"2759",29.5719429860639,21.6853787291813,13.0682398981047
"2760",32.6051809559662,24.1687754959075,11.71170469033
"2761",30.6659536662556,23.4146815516484,13.4586897147112
"2762",29.8864745548157,23.3702187644547,13.2977919042054
"2763",30.9284521240862,24.5812337697625,15.0049646351585
"2764",30.7684805877892,22.2474411935204,12.5533574559103
"2765",30.9466999491983,24.2023443392754,13.7542441814207
"2766",29.4294031659309,22.7488007825587,13.5787438363184
"2767",29.1746748736219,23.3799626181604,14.5113861076882
"2768",29.2320449276899,22.5111398134313,15.0074434155633
"2769",29.8319488627908,22.1377145313314,13.4043406394886
"2770",28.6815953054503,21.3141431322886,14.404617238956
"2771",30.5332168951187,23.1257697517822,13.7488699625769
"2772",32.4049363979074,24.280609926635,12.4827004720532
"2773",30.2788084431078,22.7321661212821,14.2661007754489
"2774",29.2884707454205,22.3794278266022,13.7920579850244
"2775",30.2492118881211,23.277229505018,13.176711666085
"2776",28.9082776121745,21.1751602942016,13.5310244025873
"2777",29.3648553609794,21.6468699951169,14.5771289000295
"2778",29.4961656536803,22.530920152912,14.2428075860479
"2779",30.1943444598588,22.4851652947489,13.5083082848987
"2780",30.6463438323851,23.9046991108288,15.4685810068399
"2781",30.1508106767311,22.8010917148418,12.7940480490081
"2782",29.5947828436726,22.4747583478122,13.9737013444058
"2783",29.2228101764444,21.7528642424955,13.6412886753345
"2784",30.3870636465043,23.4474695378863,14.8043363498695
"2785",30.5158001318638,24.1867970881211,14.7979791445239
"2786",27.5027434125235,20.0900957553367,12.251128396565
"2787",29.7019167948154,22.1597751945653,13.6754933050626
"2788",30.6633807637004,23.3866182573324,11.7598142720343
"2789",28.8447668316769,23.0011907202256,15.9640325309958
"2790",30.1702608244048,22.7756831540639,14.2632746087181
"2791",29.0507921488502,22.5436226236448,14.6048293793844
"2792",29.9957942776405,22.9163891213307,14.0531516019239
"2793",29.9734130224307,22.6257079874816,12.409029860734
"2794",30.102354009371,22.2291393108178,12.5535255626079
"2795",29.7067653500718,22.8180953579748,15.0396920278558
"2796",30.8352986892614,23.4330015424245,14.2931342245652
"2797",30.830517741151,23.1652888077005,13.1806393579302
"2798",30.2597122383672,22.6269824265834,12.5753842824184
"2799",29.5720187380897,23.3157588784059,14.609725657981
"2800",30.3127200123859,22.9846922651614,13.0166968064672
"2801",29.8869973455789,22.4399219188457,13.8891112848484
"2802",31.4188219848544,23.9090325255284,14.6199333061347
"2803",31.515259599473,23.8686373546416,12.7709973110983
"2804",28.1462411722099,20.9051994638775,13.2380344090383
"2805",29.192683307998,23.6643221331435,15.8236687108096
"2806",30.344786029436,23.2216690683907,13.3498484572293
"2807",30.5083116210141,23.6084967216755,15.7963553613526
"2808",28.9287238974499,22.4392552100026,13.6241964099112
"2809",29.9316993665608,23.5792514580933,14.2319428578976
"2810",29.8481942015958,22.9661884875871,14.588052229304
"2811",29.6100838954568,23.4574224935733,12.4587652875914
"2812",30.8714728283597,22.8485194890493,13.3077032085458
"2813",29.2106039478218,23.2596238587051,15.9193847081034
"2814",29.8090180673494,22.9165296091936,13.9927381786895
"2815",28.79253123337,22.1333902447202,15.4513971765378
"2816",31.8703669441946,22.7447487608967,12.4207085181152
"2817",29.8214165443169,23.7112301968522,14.7349871637553
"2818",30.0664515011076,23.2149404564723,13.5764193420815
"2819",31.1877300715871,23.7641454458227,13.5809079487344
"2820",28.7007325276,22.2471413160212,13.6061047999347
"2821",30.1001448239334,23.0758061082865,13.8951380286916
"2822",31.3803136942783,24.2610394044724,13.8017232558709
"2823",30.7658331931628,22.787409448126,12.2083316205229
"2824",31.1448437441087,23.6563035912361,12.921254602553
"2825",29.125470011376,22.0973294653329,14.811257246491
"2826",27.4574100247279,20.768744287454,14.5862690482125
"2827",30.700149006027,23.5897200879313,13.9280631112599
"2828",30.3367716014707,22.7547687690934,13.7944590809966
"2829",29.7742750788128,23.1028661536134,15.3040358717689
"2830",27.4278899272791,20.538459454539,14.8186233065953
"2831",32.2851108544507,25.0223976836669,13.2542796465097
"2832",31.0182695393624,23.1961530847868,14.7742410066709
"2833",30.9254849005033,25.0382906133059,15.7994812311151
"2834",30.121405441257,23.4714713811183,14.423865761308
"2835",30.2348494473828,23.651360750054,15.0472977430662
"2836",31.001248439468,23.1086595281452,13.1106399671799
"2837",28.2163105611529,21.3961305760797,14.6058479245108
"2838",29.7986136783492,22.566919579283,13.611301765816
"2839",27.4307775635599,21.3904974483614,15.464455568414
"2840",29.5223337172142,22.0143629208439,14.533270174499
"2841",31.0793283109526,24.4716222200071,14.1941587342904
"2842",30.5976908136952,24.6625856584119,16.361385863555
"2843",30.0713128323872,22.2307360033595,13.588834430331
"2844",30.1252202375763,24.0991112427743,14.1724828161352
"2845",30.0580685459517,21.9772388869549,13.2775762783468
"2846",29.4795651828543,21.9343737695531,13.5825926978109
"2847",29.4469115024992,23.1183599494567,15.1462865975723
"2848",30.2886855571022,22.9454410705434,13.9528621608381
"2849",30.4589634636857,23.8409245855131,14.0826257812815
"2850",31.301367090401,23.8680711374047,12.9413383873394
"2851",29.4858684739169,22.8256073990861,13.8851488290953
"2852",29.2972996677814,21.6806756396535,13.3854935900414
"2853",29.9686920230487,23.3641901795632,14.5108323500462
"2854",29.286052942264,22.017307887624,13.3256346958607
"2855",28.2012762308713,20.5772079565056,14.5051924866755
"2856",28.512220722987,20.7779901068334,14.3212227701914
"2857",30.3012050772107,23.6573204233553,13.9246376852105
"2858",29.7062494358365,22.1626031508789,13.8733271293255
"2859",30.8961615126001,23.0051836984924,12.6191778231229
"2860",29.4864591333063,22.3318413445284,14.5504571871621
"2861",30.1472493664999,23.2143570066258,14.777605799307
"2862",29.4612028541699,23.5449509799768,15.6013628125508
"2863",30.9441602411237,23.1907191032502,12.3691252010416
"2864",28.5671437229214,22.6344949449966,15.632953457051
"2865",30.0877270493608,22.7377852035369,12.9686959917746
"2866",30.3264722853241,23.4351901263323,13.6359263016196
"2867",30.1316628080933,22.6227507958106,12.8106349507426
"2868",29.9986475914722,23.3589287114544,15.5633466870935
"2869",28.1222589025514,21.8590861165631,14.4792888537126
"2870",31.1811363879361,23.8777666842007,13.6824155887766
"2871",27.6368426005918,20.932866011599,15.1586436008791
"2872",30.7572837781911,24.6057992690094,16.5933580342291
"2873",29.5115351421183,22.9295731429898,13.2540653801369
"2874",32.0878770921919,24.8909490009171,13.883767362098
"2875",30.704127256153,23.5491396751467,13.9372268317655
"2876",29.1620958494588,22.5236295806726,14.3220161177275
"2877",29.4543969491286,22.9631094489082,15.2206322658214
"2878",29.497957193964,22.7970925857387,14.271098508383
"2879",30.8548234375553,23.0150004259929,13.9747815855409
"2880",31.833156418884,24.7006717704089,13.7941875654609
"2881",31.0629628973197,23.702753820749,12.9937429990075
"2882",30.0635478767283,23.9599447281247,15.7065888734895
"2883",29.1112638858046,23.3151897153941,15.8807370619011
"2884",29.3144399592562,21.8788873041693,13.5186442703601
"2885",30.208523955916,22.7378447959679,12.0100515614041
"2886",30.0417506150484,23.8646523773677,15.8304304458163
"2887",29.6763242991965,23.7532559534478,14.211822967408
"2888",29.9831233036953,22.4567083775664,12.6486455639895
"2889",28.8367158962945,21.0643057719347,13.8030263817318
"2890",30.685915084258,23.3311024522735,12.7640450118628
"2891",30.3472890193449,23.086136984119,14.1395774655389
"2892",30.4357887115243,22.3633876797141,13.9918741271964
"2893",31.4339344903459,24.5091073262007,15.0284960790596
"2894",30.9001544422606,24.41574680821,15.5696505490724
"2895",29.9213935277469,23.00839406875,15.0094136626341
"2896",29.2636347954104,22.9134150941529,13.9525559422274
"2897",28.5914325884102,22.629486083551,15.2925253738525
"2898",30.9929619996341,22.6678524657027,13.3810475598785
"2899",28.5170327377983,21.5638321101608,13.7497041752417
"2900",31.1066774682014,23.5272726102752,13.8975539979067
"2901",31.6753336193823,24.2419566908324,13.4108267919723
"2902",31.6356550394965,24.7154807751967,12.5494865207342
"2903",29.076434725526,22.0004112175049,14.7573180429895
"2904",29.6291043291473,22.5965400717648,13.4376073013343
"2905",29.9329371195533,23.6636061500363,14.9892726995692
"2906",30.1793669002469,23.2458424365959,13.5185081491046
"2907",28.732695521432,21.2187954839823,14.234461549451
"2908",29.0225949282964,21.7355804174315,14.3756320471111
"2909",30.989561840577,24.319045832643,15.0571764218785
"2910",31.4671024410604,24.325640769923,14.2517507337814
"2911",28.4765245069128,22.5910488959309,14.454884163077
"2912",29.3680896207971,22.9151014423007,15.1328190937228
"2913",30.4403663675683,23.1552666311221,12.7560225118375
"2914",29.3459567473121,23.2696184809383,15.1197293033051
"2915",31.7621820452633,24.9898313719544,13.3241463050396
"2916",30.6620309577797,23.1089233601977,12.3907293859238
"2917",29.430524575555,22.560100889929,13.4778993373544
"2918",29.8494733249071,23.1527873391818,13.5144226551878
"2919",30.7682121763878,25.0754514079489,14.9009980712318
"2920",29.616451311696,20.8896384570988,12.6093042372952
"2921",29.0126964356066,21.7215379437057,14.0635334310335
"2922",31.0087638925615,23.4337740937652,12.8199188293156
"2923",30.4888034165512,22.9643113761689,14.356606149746
"2924",29.0485991449316,22.582062509808,14.1172598204961
"2925",29.0899366108195,22.6404830599066,15.2588069197876
"2926",30.6720300388915,23.6428675681856,14.8973844868244
"2927",30.6897064609812,24.1638319832362,14.3699350814823
"2928",29.2211221453994,23.688191191896,15.662489372808
"2929",31.8006536961316,24.4086924096346,12.3472958567452
"2930",30.7822101685233,23.815864990055,13.1717693763526
"2931",29.2854397026369,22.5904882005503,15.1935094692604
"2932",31.9057153033405,24.0914018095416,13.0466952844744
"2933",31.263655177523,23.5718970632037,12.4644278397618
"2934",30.1179492052143,23.4353037103102,14.2205202462119
"2935",29.6924694100774,24.092224408641,14.4329300740575
"2936",31.6810805257658,24.4124485281012,12.9692014806195
"2937",29.8751703604335,21.3311499491953,11.667813396855
"2938",30.8453931900262,23.6893946323825,12.5522367821509
"2939",30.3113212822682,22.5869957535509,12.7903258479135
"2940",30.2919278947885,22.8742755435535,13.3619616726282
"2941",29.0685489166729,22.4920255225283,13.6979228395509
"2942",30.3398366063936,23.1234185494943,15.0905232146944
"2943",30.3664094498169,22.4388750224598,12.6687186845004
"2944",28.6438692491017,21.097796510909,13.9974015821432
"2945",29.5810777240567,22.4842143450334,13.3528777023891
"2946",29.6418439837247,22.6777567293,15.7065658099828
"2947",29.517346085811,22.1151946922102,12.6578116803005
"2948",29.6120417182644,21.8358434229116,12.7211384252567
"2949",28.3187680489188,22.5073936498739,15.2337196391778
"2950",29.8655256156612,23.2388611702186,13.9278994662883
"2951",29.7792670611365,22.5815739647402,13.5035870562288
"2952",28.3223374046772,20.7968889331793,13.9729568757073
"2953",30.5957789529762,22.558884409746,11.3353406868498
"2954",28.5780014924885,22.0972951616394,14.5645131309125
"2955",30.59394017096,23.4894761181431,13.685228536941
"2956",27.8346876432043,22.3078054341372,15.34969612109
"2957",30.4265916549325,23.6435014216865,13.2331240424106
"2958",30.3375174778436,24.4729609708317,14.5447792769446
"2959",29.244619940954,21.9265489975662,14.6686316895146
"2960",28.9785110301907,22.4609846818092,14.9720361871217
"2961",29.6166532985739,21.7862945060844,12.4617173283751
"2962",29.6314056747892,23.1744798632501,15.0087770014339
"2963",29.3764629097002,23.4007960622468,14.6599666123411
"2964",27.7235928044569,21.8609564690994,15.761672440014
"2965",31.5647344412436,24.0932821960165,13.6091600249098
"2966",31.0802246034344,23.4113917697781,12.7006192635001
"2967",31.4528333447499,23.8945005013299,13.5862471165959
"2968",29.0911585154821,22.3678947091769,15.0352784082801
"2969",30.1441690676081,23.5916195738144,14.7532333807035
"2970",29.9166034627416,23.7413402870075,15.1745682470961
"2971",28.7223176858345,20.9702898749491,14.6671903061772
"2972",30.3636313017467,24.2107348250223,15.2943277016742
"2973",28.0446682436781,20.9386697840805,13.8162709050124
"2974",31.6502854081763,23.1229243717813,11.080043802187
"2975",28.7573681086583,21.8682270060344,14.6269107842599
"2976",29.3494790227107,23.0152626074589,13.9011363546902
"2977",30.4301086488998,22.8741437831948,12.625976738417
"2978",30.2943256200155,23.0803243832821,14.1449370247733
"2979",28.5043436548403,21.5920511401983,13.0798027171868
"2980",28.6967149248648,20.8878712814064,13.8376110740916
"2981",31.2665328198756,25.2834221155966,14.7199184703161
"2982",26.4757185783398,19.1580784076844,11.8870242235793
"2983",27.1625403796595,21.1237544190928,14.9095825193085
"2984",30.8312742752647,23.0196426654706,13.5472751507551
"2985",30.3501975127952,22.5876716318909,13.5028978174495
"2986",31.1254567383191,23.1835171763907,14.1612161654802
"2987",30.0992678608469,22.9180773814634,13.5012450668186
"2988",29.2177678718198,22.2290715485385,13.6592494591113
"2989",30.2472701207086,22.1350148551803,12.8255313555721
"2990",29.9236570572969,23.2443019087176,15.6841839329048
"2991",28.0807240924177,22.429203346849,15.0966152643961
"2992",32.1923344490138,24.4994800777877,12.1318189399017
"2993",30.4713516098361,23.3407541101236,13.5448874466399
"2994",29.3998578369088,23.5137991502038,14.476304355576
"2995",30.739130120468,23.5335298545732,13.2064424703736
"2996",28.7522377375569,22.2743090502941,14.2512712564429
"2997",30.4782410598486,23.3913178865025,14.0070392199386
"2998",30.4865225561994,23.8441595111846,15.5151677500911
"2999",28.7369209817434,21.7902780634971,13.5216329459324
"3000",29.1901811070345,22.5064183845587,14.9993333989767
"3001",30.1227871695538,22.9631263047524,13.3603191696906
"3002",30.2748285056824,23.2423195896847,13.6115543312544
"3003",31.8037359971456,23.9004511784376,13.7155259007903
"3004",30.5434577181986,23.8453629571052,14.0418742492435
"3005",27.5235298971922,20.6814743642507,14.8845024904409
"3006",29.9678059189273,22.9413205660009,13.4823382034754
"3007",29.2006964175134,22.1021803756385,14.2947906376955
"3008",30.7330855714159,22.7295696334129,14.4557188463584
"3009",29.1716377132165,22.8134817310586,14.4789616976533
"3010",29.9112194061214,22.7431335988203,12.5963333486971
"3011",28.6135784640648,21.7740472134936,14.150544851467
"3012",30.1469351148107,24.3496623348055,15.4687961765973
"3013",31.6423085467996,24.3512035018675,12.9337899112931
"3014",28.7753532410435,22.5464514010139,14.1478204271752
"3015",30.1705545844546,23.5897830041331,14.8840638422651
"3016",28.2141430461672,21.6445837139995,13.0525223049575
"3017",29.7861470855371,22.5492424260286,12.6920161372562
"3018",28.4450911905196,22.2202055774071,15.5099345357409
"3019",29.3378707944464,23.1922926824942,14.5703170829139
"3020",30.4924371423401,22.8094939297392,12.8811127043255
"3021",28.9303534627372,23.1736832282377,15.4968872432146
"3022",30.3443123556374,23.8291464365773,14.8121869753662
"3023",28.298493543815,22.1299200548584,16.1848547931924
"3024",29.7507810899319,22.5778504348908,12.8000675393368
"3025",31.6919283345284,25.4015361068619,14.3045543249608
"3026",30.6879300450562,23.2375522696106,14.0668700657331
"3027",31.601353684466,23.8166759142204,11.6465030092194
"3028",32.4238786994669,24.3748226954306,12.6767297560873
"3029",29.6528183797187,23.4565311590916,14.6095854194104
"3030",28.9834746557619,23.0336503453673,14.7632511283176
"3031",30.9977606965356,22.9586345188766,12.4457378600668
"3032",31.2993696836979,24.1767884328273,13.6295672671642
"3033",30.7456116887013,22.7816692751842,12.0625057942712
"3034",31.122672352464,25.021649963688,14.2412993496238
"3035",29.6117883287808,22.2600671960846,14.8284468527962
"3036",29.3146151503627,23.1737102192984,15.8298714194827
"3037",31.5730488262059,24.3107740509203,13.288159524152
"3038",30.3710523460506,23.9354485735637,14.2005985827388
"3039",28.4455147149487,22.3474262865622,13.3736889781536
"3040",30.051697240934,22.9352919862146,12.9300504499962
"3041",29.7889323965035,23.4971040847406,14.8748705507642
"3042",29.6080363828372,22.9156934576182,15.0379949012071
"3043",29.235587210012,22.6950736868812,14.4355533655764
"3044",29.0795821891245,21.8417947053162,14.9193754871781
"3045",29.2117880168818,22.4513631565525,14.5197009153246
"3046",31.3961332002232,24.3023154675303,14.0294263937159
"3047",30.4586078018649,23.2839616090193,14.1311261535624
"3048",29.8732719989144,22.1487662407883,12.8656362986622
"3049",30.3129662173362,22.2562287281007,12.0925142773697
"3050",32.4645381703058,24.1853596622017,12.2291425756197
"3051",30.7083458584954,24.1032018120446,14.9949614173487
"3052",28.991931695245,21.7571805041785,13.1809249146918
"3053",30.3447765044678,22.5892750143362,14.8714750895559
"3054",31.6090912436117,24.4001379533676,14.4419625596473
"3055",29.725254961231,22.9282602601203,14.213650719563
"3056",30.227688718214,23.1772701904911,14.3075046849715
"3057",29.5998045141411,22.3782783783195,14.9553799103227
"3058",27.7777044292145,21.8047863928012,16.0913722052028
"3059",31.7337837774998,24.1026656524317,13.6792595411467
"3060",30.6834113083019,23.1690537074646,13.6389578286885
"3061",30.0008773702179,23.0464503730408,13.282453546393
"3062",31.5950549254513,25.6491214947657,14.0775604935328
"3063",30.2767755831907,22.8312230511915,14.2077857693673
"3064",31.136798139007,23.3565417067956,15.162920451359
"3065",28.2977113100623,20.1388366269623,13.5391774360324
"3066",32.8969767169581,25.3867978634347,12.7303119693481
"3067",28.6753514401719,21.4837644020059,14.2428512887099
"3068",29.6614050008999,21.6707689490628,15.0923280633348
"3069",29.670660751183,22.1999142118822,15.0393497515919
"3070",29.9841210212306,22.681712048022,13.8899104547555
"3071",30.7151210750666,23.6819331267651,14.0281239423363
"3072",29.2790349411208,21.31397547259,13.3466710258597
"3073",31.0034100493425,24.3115871079235,15.8131963782906
"3074",29.3709079780608,22.2563236798436,13.9688391788428
"3075",29.3277399021558,22.8725751592202,13.8885229999179
"3076",28.9222732155419,21.9595724123246,13.9500821384765
"3077",29.9513453120646,23.7941618429566,12.5524855409951
"3078",30.3911178011396,23.9589375261342,14.606137908351
"3079",29.7006749218225,22.1492156130802,12.2945392797395
"3080",29.732463961901,22.5977962172285,13.7884788584701
"3081",28.2073659097466,22.2465482764151,14.308264762219
"3082",29.2444894841263,22.3580345787108,12.5598844786929
"3083",30.002057409645,23.0840637860961,15.1625411671
"3084",29.131163421546,22.1422014079773,13.7463959489888
"3085",30.6155464880629,23.6149121419567,14.5330373601363
"3086",29.2760753510242,21.1257360134236,12.6848804998867
"3087",31.4743230146481,23.3699036269731,13.6533467879332
"3088",29.5195509600465,22.8631631530321,14.0939225216322
"3089",31.786460308583,23.9595941103051,12.2317009596673
"3090",30.3843632951587,22.4971373433944,15.2709297904414
"3091",31.6074772165434,24.4026542525383,13.8516874233951
"3092",30.6161073323379,22.8103141166128,14.0229189736721
"3093",31.9389070440787,24.4031450196157,13.7727714440614
"3094",30.4327586475638,23.7266248928642,13.6721154023317
"3095",30.8302079849005,23.8354721413866,14.4705616612795
"3096",29.086090334332,22.9156388697374,14.1651222520094
"3097",30.8542695352031,23.7459564542266,15.4828383603229
"3098",30.8316873071921,23.4687449998256,13.4054669690856
"3099",28.6014378848521,22.3953151283355,15.1181432547955
"3100",28.264246871478,21.6691949235489,14.5713762889932
"3101",29.2177776072996,22.4671424584867,16.5809631067243
"3102",31.5191244265681,24.2681130668379,13.6260992226829
"3103",29.2628712400514,21.4383444592776,14.7343175978743
"3104",31.0312857149491,24.1285274740361,13.2185835451746
"3105",30.472849856053,22.0128416907428,12.110825499347
"3106",29.182751171119,21.8053604795201,12.2192457882127
"3107",30.1475989471312,23.2020966138514,13.775372726223
"3108",30.4620793371577,22.8688836758411,14.1953795271009
"3109",30.0943287001131,22.4637126644614,13.4574443649752
"3110",29.635282524744,22.7716764204776,14.7554350439989
"3111",29.8316736030886,22.8597041521899,15.570840895285
"3112",31.9392287485299,24.8438213243293,15.3092447402882
"3113",30.4156960946211,22.2221655263288,11.9151788306929
"3114",29.6800973740224,23.045737054654,14.8625347143072
"3115",29.2954605763966,22.9033722815636,15.0439218564706
"3116",30.2773879391469,23.5350305730148,14.5761782947291
"3117",30.5038596417211,24.1559121766749,14.8234234328754
"3118",31.0039128310576,24.4699238916697,13.3041610140955
"3119",30.6475029148354,23.6106893237978,13.4755355134182
"3120",29.8773078222396,23.6623124779931,14.8565306812581
"3121",30.6566812417223,23.3084139934811,13.166606701216
"3122",29.1914576121903,22.9757988587112,14.9450181094329
"3123",29.4630906140043,22.5817403554408,13.2322484911176
"3124",31.50422944859,24.2938075939694,12.9252459375307
"3125",29.8391148884262,22.354304169878,13.472050563074
"3126",29.3096969590036,22.9574037275924,14.9510167780331
"3127",29.9191862870423,23.5247862017971,13.7078151334408
"3128",30.1603239381579,23.0722487755391,14.5859622292299
"3129",30.0039509810644,24.5407965810971,16.0213465443241
"3130",29.8202295238892,23.3721862597791,12.7164397246286
"3131",30.8417094093852,24.4515587833287,14.9510873613762
"3132",29.4835684428532,22.9204790832591,14.6902232451014
"3133",31.1831212097704,24.099417378055,13.6554210788819
"3134",29.9244595467213,23.7474296435722,12.3589608977104
"3135",30.4786565237614,25.1138437367116,16.3472622977748
"3136",30.3023694069282,23.7437747282613,11.8562024206657
"3137",30.188651279613,23.2378393305126,13.0593434105922
"3138",30.4960378905457,23.772553244069,14.9802483130441
"3139",31.0745862036858,22.7510736432448,12.4495163489449
"3140",30.2727488258018,23.3428801735826,14.3726356708083
"3141",31.4649762240581,23.9706406432051,11.9591127017567
"3142",29.9404079345888,23.0030120093378,14.5017177690052
"3143",29.2668787636973,23.2543913639966,16.2738604355898
"3144",31.2969374399772,24.1570706575396,13.8455998027238
"3145",31.0159028250548,24.7438513208644,13.8954894710158
"3146",27.5916804656204,21.4759663937309,15.2534665135562
"3147",29.7718935318434,22.5253636344581,13.2872512101906
"3148",30.1208317938778,22.48107898382,13.1496248753415
"3149",30.441297311751,22.772783795969,13.5350366652366
"3150",28.9409457737876,23.2189008151273,14.2226771097875
"3151",30.1371583980215,22.4582920752293,13.0351531187296
"3152",30.432606506851,23.5515827649463,13.7205190524229
"3153",30.2185883664556,23.8308993841597,14.5677681199874
"3154",30.2564523562129,23.2015594553456,13.3226951115096
"3155",30.3010819131804,23.2744341137118,13.8464770569516
"3156",30.6775258722298,23.7735232567984,13.9286619480168
"3157",29.0921850054079,21.3978631584329,12.7880898466606
"3158",30.2707936121648,22.5255727611718,14.0337120855441
"3159",30.8095334916201,23.2422575202673,12.6145251637871
"3160",29.4909556913912,22.3315569390728,13.952229048319
"3161",29.460317447435,23.0386054492922,14.5073573202206
"3162",30.3318738371976,23.1403628783642,14.6710514993346
"3163",29.5014392194578,22.4577033290934,13.1886745150229
"3164",30.9638212991154,23.3379396456737,12.5883952565213
"3165",29.8925725561954,24.0320829907764,15.553082056842
"3166",31.323988596784,22.9373347281674,11.9836200121107
"3167",31.2939860150013,23.5582916588492,12.6287347192739
"3168",30.87516132275,22.6735502394221,13.8428822720585
"3169",29.6955289600046,22.9588583864011,13.910950935938
"3170",31.2016186179602,23.3141683613893,13.261649735173
"3171",30.126703354298,22.7579238101006,12.5945062283809
"3172",31.5803115569436,24.7802836375571,13.2816039206313
"3173",30.3692964675286,23.0415140531339,12.5734393000116
"3174",28.6976898462882,21.9526725164494,13.772518167035
"3175",30.9515324057386,24.3154008091208,14.0029438002443
"3176",31.1732759695395,24.3798326738636,14.6750210838601
"3177",29.8854334868928,23.8576220881873,14.8674917512016
"3178",29.541702760733,22.7625565351264,15.0814940041445
"3179",28.6328128851638,21.9677549799488,14.0102899527124
"3180",27.8366653931328,19.6874698341116,13.2361331678947
"3181",29.2715369557332,21.7367512960799,12.7167058688836
"3182",29.2443642293969,22.7216098924658,14.8225773089083
"3183",28.6140427940886,19.9138381423815,12.6105162124405
"3184",30.5006673668544,23.3131793184352,14.7413141530128
"3185",30.3993000090519,23.0170117047293,14.047783967379
"3186",29.3003793896939,23.8173594029621,15.7479176542458
"3187",31.6947997715173,23.9643009317176,13.7239636803871
"3188",32.1222154584154,23.6206511300841,11.511500523415
"3189",27.892358210207,21.9901683138875,15.1733629855744
"3190",30.1776473125682,24.2201648866517,14.7327062210207
"3191",30.8278426149045,22.916939180203,13.6420071044279
"3192",31.3114359407173,23.4633635848583,13.5828336905237
"3193",29.9189331193597,22.9478396700864,14.4678054639194
"3194",29.4944689200727,22.4934174996694,14.456196006425
"3195",30.6045353444452,22.8419252752101,14.0987650177746
"3196",29.6203539591147,23.3454219020872,13.8872986229411
"3197",28.9269853826594,22.9353148993272,16.1622255491381
"3198",29.8883953810441,23.4789326418075,15.0226287412998
"3199",30.4922438076777,24.2109062450621,15.8302402310512
"3200",29.9830723814925,22.9936684863783,13.5482219190191
"3201",30.9766064720404,23.4675006564322,13.4231979620008
"3202",29.9214180300278,22.790044445206,13.733364168822
"3203",30.7117129113611,24.1808839382371,14.3742718240439
"3204",28.9291327161178,22.0747815139398,16.297028612115
"3205",31.9855858443425,25.7467087478737,13.4909625856094
"3206",29.630039198253,22.5220457276385,13.8127273886056
"3207",30.2226500451721,23.7677485835127,14.0437958809142
"3208",27.9775991045509,21.2116282213405,14.2043475193596
"3209",30.5141585976698,22.8796345084552,13.8782356272316
"3210",29.9743116881373,21.8457652052222,13.392253427942
"3211",29.3229034182669,22.983255253814,14.111840718869
"3212",29.9288097673189,22.4861271231184,13.737660904878
"3213",29.0621554429354,22.6158314482398,12.9450533952914
"3214",27.3997377438558,21.8443711602356,14.2833730856309
"3215",28.836033250196,22.5768774291037,14.6211543496194
"3216",29.8629573487964,22.7242169260315,13.9266406703005
"3217",28.019096864256,21.5528998947038,14.1581945273842
"3218",29.4061693953421,22.4310815633632,13.9248241944524
"3219",28.8667648463227,23.2095289487846,14.9281564487231
"3220",29.0896751147275,21.8496697973921,15.217685416836
"3221",29.4071012211432,23.2551641062604,13.8161559381692
"3222",29.1985782756705,22.1515161072066,13.2702750749586
"3223",30.1559622638216,23.3638448267492,13.9193399361391
"3224",29.7481660179166,22.6002805299853,12.7246465285138
"3225",29.7709177703635,23.4975373146968,15.0037174283491
"3226",30.4441919474082,23.8533183666598,14.0951409804559
"3227",27.8449474637529,21.8403369354813,15.975505090274
"3228",30.0648449726489,24.2954364719394,14.6887329954596
"3229",30.4381930028849,23.3783997917071,14.3925206168796
"3230",28.4151992322806,21.9508395175134,13.7872606471644
"3231",29.890377048341,23.1011704852234,13.8173420937298
"3232",29.2031282087951,21.2617079895307,13.3245003555032
"3233",30.5098725763824,23.5497146619887,13.5888159756059
"3234",29.9034717958675,23.4895246967574,15.0918958086543
"3235",30.1810099715502,23.3357888220552,14.063001868326
"3236",30.8824232761979,23.9682846285803,13.8493681584424
"3237",30.6662929240754,22.7824667535776,13.6579941573783
"3238",30.9928261735162,23.678797358155,15.2823873509371
"3239",28.8723920702604,22.6833882111639,14.6306906217824
"3240",30.4293464470262,22.8465638497648,13.1458014636156
"3241",29.9209940063637,23.3155334844368,14.1854761305364
"3242",30.6046426355123,24.280001106152,14.7572146354586
"3243",29.7145086280036,22.7957749964493,13.7700365878028
"3244",31.2571019799479,24.7329899490702,13.4254044026594
"3245",32.8775153097629,25.4972871306615,12.8043388448546
"3246",28.1970592372722,21.7239034747656,15.8259448082045
"3247",29.3808957063247,22.2570214646726,14.3922333193612
"3248",28.9687938108334,23.6736574498031,16.5825166889846
"3249",32.4939594093568,24.0474871335056,11.5503531823809
"3250",28.9691018232152,22.7313762565219,13.9767940414085
"3251",29.0742827192881,23.2186388494178,14.8318092160106
"3252",30.3270727671891,22.7509909618937,13.8413939969409
"3253",29.20778929359,22.9273211089076,16.2821420371962
"3254",28.7396263397482,22.161011003148,14.2346718588962
"3255",30.0851514133066,22.8050294558482,12.9290570473377
"3256",28.1146841199574,21.125217650211,14.1350171328183
"3257",28.7783179003097,22.2925732798725,13.9422155003005
"3258",28.6688201716773,22.0788193181882,14.3949007934609
"3259",30.1804109613461,23.4493960402477,14.0083963652394
"3260",29.7974400682904,23.9059244097185,15.2746699708765
"3261",30.8149774971381,23.6733705467062,13.0169317356215
"3262",29.4164036612333,22.6635665127889,13.5746486921337
"3263",29.6412680167438,22.8572479245377,14.0181417230682
"3264",29.8277919055837,22.6235770262507,12.850657773666
"3265",30.8714746731512,23.4761275702119,14.1056450579944
"3266",30.610822701613,22.9381055822528,14.391666237389
"3267",28.0023230990726,20.9122748094796,13.3616938370336
"3268",31.3775599119562,22.9790100588768,12.7225959339736
"3269",30.3577738936503,23.3725878702851,13.7962196773075
"3270",31.0315071228586,24.336152380882,12.7653554787995
"3271",30.9920118022532,24.5345595787709,14.2496483181936
"3272",30.461518119642,22.9015777591672,13.4460214966569
"3273",30.3002491229247,23.3966376358871,13.7710853032913
"3274",30.7740831145692,23.5282398155212,14.3383362346773
"3275",30.7702851413263,23.4208119000816,13.0236939739071
"3276",29.6428951748288,23.9837833273146,14.5935836255274
"3277",28.4781881829571,22.4830359484606,14.4340458702943
"3278",30.6160053161462,23.7977212583442,16.245525951287
"3279",31.5107404893968,23.7912154185798,13.4380091863919
"3280",31.2509941934909,23.11367994551,11.8450609863694
"3281",31.647404402274,25.4394250726731,14.4310941948315
"3282",31.7998772673834,24.3940066418164,13.5764815214754
"3283",30.2138942004418,24.6611100480662,15.1246999915672
"3284",31.262890797484,23.261640382546,12.9105160149313
"3285",31.0018666394404,24.9815499551345,16.2133715753934
"3286",27.8248661794302,21.9173509663692,15.8615750480267
"3287",28.2256375635474,21.4467912273529,14.2753052651535
"3288",27.2091466559505,21.3622003514474,15.7060172973901
"3289",29.3594699746021,22.1786683728577,14.2021570443449
"3290",29.7886602019989,24.1295172491663,15.7395381475909
"3291",30.732469304365,23.9959791543721,12.9769890028718
"3292",31.2008016972748,23.9104317708403,13.9088322028004
"3293",30.5423465908005,23.0517959928756,12.865916686564
"3294",28.8481637250492,21.7471299706662,14.3266999487782
"3295",29.0938723583327,22.3563577459119,13.1811501315957
"3296",29.1087967095046,22.7975896862643,15.9598505235556
"3297",30.3736436262177,22.8828669027047,13.7172143934114
"3298",31.6007647273881,24.1015380278799,13.0012924087713
"3299",29.3058088658635,23.4256589866667,15.0270605512966
"3300",30.612252056572,22.2539026306339,12.4201842623948
"3301",30.1209552469473,23.7740420610884,14.8698329994877
"3302",28.2030557772533,20.5264692778234,14.0872235652126
"3303",29.5205683566811,21.9485191939151,14.6130694151784
"3304",30.3778001168455,22.6245661638877,12.6877608427894
"3305",31.8195779973443,24.9193927906137,14.0435561671495
"3306",30.5693821398491,23.2967060377732,15.0072190913007
"3307",28.8170803759117,22.4384444487964,14.5273704765289
"3308",29.8779898604701,22.2297803008683,13.5660635828759
"3309",29.7806294099865,22.9079008154232,14.6838321824386
"3310",28.9351473856587,22.0434086694186,14.0545825785195
"3311",29.7623768744656,23.5840477544801,13.9429041704674
"3312",30.6131698691651,22.9080351344391,13.6007632263482
"3313",30.237604474017,24.0223635872319,16.3226977044139
"3314",29.3822513062676,21.6878570071199,12.5217830916621
"3315",30.3140561101175,23.3950068395596,14.5692343362411
"3316",28.8882817545802,23.2910910446355,15.9308525895126
"3317",31.324665877757,23.694849917175,12.8705671661396
"3318",31.2700654834931,23.5439655890663,11.9639639547931
"3319",29.9726445898448,22.4022846784956,12.8801429939314
"3320",29.2451152281543,22.3759559228214,14.3246186037698
"3321",30.0800196153266,24.1153960852278,15.1300184802404
"3322",30.5900235127476,23.7058878953329,14.5156576461321
"3323",32.6276870404136,25.6978202348192,13.2748677124621
"3324",29.9190559765271,22.0764919493604,13.2443549560555
"3325",31.4021005586832,23.0690426114446,13.24141895315
"3326",29.5552842104975,22.7143671315189,14.1591304578457
"3327",28.5360276739866,21.8262913570919,14.4462051510336
"3328",30.4193413650556,23.4484759471574,13.6731059146133
"3329",29.6364016147347,21.491528234049,12.5299912118308
"3330",30.0659392371606,23.2936646010949,14.1651118595511
"3331",29.7312200544948,22.5136804272096,13.9189807554469
"3332",31.0014031514581,23.6273260096744,12.0449053066858
"3333",29.8502801413612,21.8274661070015,12.5284966001448
"3334",28.6990915990003,21.9248435218359,14.5265676223191
"3335",28.1004666689837,21.2556696271003,13.5621273080307
"3336",31.1321165131417,23.4821497946646,11.8390439892666
"3337",29.6168810618594,22.3683192708934,14.1233043798738
"3338",30.1801669728652,23.902817108106,14.1904243815185
"3339",29.1579675766297,23.1802447893289,15.0098124116307
"3340",30.3774425926211,22.6470137902151,13.065171200413
"3341",30.1391761084947,23.3039901859577,13.8457622578935
"3342",28.810089686631,23.2512335117964,15.0649747959787
"3343",29.6068806166328,21.5458568993483,12.9051171477477
"3344",29.540505593428,23.2973266361783,15.1187663036218
"3345",29.1719261699941,23.5295245766092,15.7554376389601
"3346",30.057105186496,22.0289715059104,13.5821000195911
"3347",29.266580449357,23.1405177551405,13.7304114055327
"3348",29.9779250886708,21.6123400263294,10.2669363379949
"3349",29.4188542382749,21.2573429921404,12.4564783628119
"3350",28.6743290556191,23.3836149238981,15.1916749631224
"3351",29.6940404896157,20.918848660491,11.5801784150899
"3352",28.8899460739665,22.0805799044198,14.4025807828102
"3353",29.4722323110909,22.1575777307986,13.1000153016446
"3354",30.1518565877335,23.0574386170454,13.7270572776711
"3355",30.7909576093536,24.0169883755159,12.947472589762
"3356",30.3309820745836,23.5051661210875,13.6024055428589
"3357",30.5743329499265,23.9770877646032,13.472705981828
"3358",30.2279278584553,23.4637323532868,14.3124549124725
"3359",30.4085225372029,23.4661117467391,13.5085582555248
"3360",30.0751039229098,23.6391375646773,14.9735411482492
"3361",31.052748578405,23.5143338202369,12.6899319448274
"3362",30.3971870092316,23.7300443767497,13.6724017886511
"3363",29.1755576955005,22.4504156325073,11.8068531148718
"3364",29.9376706189433,22.8332249815938,14.6126068150727
"3365",30.9515636378617,22.8856113492429,14.2902027794822
"3366",29.0675036791317,22.30918234184,15.1015923522801
"3367",31.6988292996238,23.9095114069654,12.1974010628824
"3368",29.9456234527058,22.008785244411,13.7995987839337
"3369",28.6711800757643,21.0310610934495,13.3570715899148
"3370",30.1184696785325,23.5956807938352,13.6730192464996
"3371",29.85792064872,22.1706413923959,13.4112332595606
"3372",30.702838023437,23.2488454382207,13.615669273534
"3373",29.6378221157707,23.7384208187492,14.9140543568491
"3374",28.6215146958388,23.418889642162,15.7809547482598
"3375",31.0366417260155,23.0483056030024,11.8997117868657
"3376",30.473493149035,23.1146008704503,12.4694538798585
"3377",29.4844687373333,22.9061548625381,15.3143059157274
"3378",29.607326648918,22.6450685312737,14.2018372053545
"3379",29.7084592943897,21.5040087653763,13.4905317542938
"3380",29.1206804689937,21.7973336418686,15.2088048292588
"3381",29.4760217523917,21.7307025046295,13.1820689122584
"3382",30.8961447666126,24.0510878909972,13.4729103532559
"3383",29.4807767705802,23.3276997747241,14.2353694635584
"3384",30.1990433878484,23.7864996766774,14.5752553138682
"3385",29.6640101942954,23.5429128705203,14.5055667094357
"3386",29.2705259794117,22.2113537877175,14.8824171643128
"3387",29.544739277791,23.0615114411086,14.3963524055483
"3388",29.8379522843958,23.1870272538733,14.9974498406625
"3389",30.2893063480004,22.8320170865847,13.6994913325955
"3390",29.9557006394737,21.9758562547437,13.2000635387712
"3391",31.3495688730805,23.9897573257788,14.1590657258769
"3392",30.3493387040037,23.5514502195879,14.2170932043326
"3393",28.3936046026879,21.9176035004953,15.4293338800856
"3394",29.3636392071821,22.163172236102,13.1725860045101
"3395",30.9293879526674,23.9728244339056,14.0640584181837
"3396",30.8374688022877,24.2781596869665,13.032933803486
"3397",30.5322582904198,24.4368768858613,14.1788116479638
"3398",29.4682726952168,22.8237729813587,15.3075295228602
"3399",29.529779034329,22.9351274682088,14.9371324973694
"3400",30.674857752017,23.0603176637734,12.8849040182618
"3401",30.148591355553,23.2413182217043,12.936590589527
"3402",29.1679317426344,21.8226308200302,13.7370055572223
"3403",30.8284087940041,22.9210312043357,14.5930920187295
"3404",30.4231522736892,22.4798782328908,13.4530587324501
"3405",29.5159173048868,22.8868791753973,14.2434984421063
"3406",29.8689342272877,23.8085434768441,14.8965530329911
"3407",31.0240821564189,23.5398388260308,14.4671208906618
"3408",30.3577931153903,23.8113070236361,15.0900318413923
"3409",30.9096023545868,24.1199681937072,13.7063232253578
"3410",29.1276135466361,23.0567029301782,14.201331690833
"3411",28.6748911485901,21.5274022442296,13.4041185207895
"3412",29.4612420422783,23.268229083958,14.5516195239617
"3413",28.9657797775658,21.9439419089735,12.4096263060563
"3414",30.8905742821968,22.8992359700417,12.5952413696333
"3415",30.2849835294929,23.1038649768793,14.3877790902525
"3416",30.32681461675,22.6417745868033,13.1447656966893
"3417",31.4124660667278,24.3703993475554,13.961177200785
"3418",29.8037109850349,22.6038627919285,12.6960816705522
"3419",29.62987258769,22.4938783145632,14.2105283988881
"3420",29.6516253779282,21.5511949451395,12.6793723092109
"3421",28.7365450517925,21.9709460946262,14.857335037474
"3422",32.0671439977941,23.1455663236171,12.1356824728525
"3423",29.2176456976868,22.7075979085982,14.3572974108805
"3424",29.459608801949,22.2206808121824,14.2923598700558
"3425",29.717477923755,23.9419477560975,14.6297063803809
"3426",29.8738184657867,22.8045295849749,16.7293139034463
"3427",31.3152208022726,23.7312225814954,11.7925874652271
"3428",29.5174298571892,22.9482373392128,13.5773368204296
"3429",32.8579942944046,25.7353293965111,12.3515934043151
"3430",29.8088477287249,22.3978994781131,13.4719339320775
"3431",28.3036038785657,21.290849729842,13.1292461219961
"3432",28.3429857820975,21.9351031019863,14.8518355687456
"3433",32.61525868511,25.4058476943016,13.4606780703586
"3434",29.3846577143493,22.7791711424867,14.6146839443985
"3435",30.2133305861086,24.0137117020377,15.6212409595706
"3436",29.9347099297411,22.5546665543066,12.2721792171394
"3437",31.9975860737458,25.2066565796675,13.5652574243941
"3438",29.532074225668,22.6583362288483,13.8027518560482
"3439",30.9279827118536,22.9570260396245,13.6678485230596
"3440",29.6093331389694,22.4686770472694,13.4114331136401
"3441",30.0460436132841,23.2374887962617,13.6879584224589
"3442",31.0838404220992,24.1325193314274,14.6662018313917
"3443",29.9399114155736,22.1921779964163,13.4102844905924
"3444",29.4558867091545,22.3392475469889,13.8833484225626
"3445",30.1429053160102,22.9056393104325,14.5228354585637
"3446",29.2464411578927,22.8315944557788,14.5162659484766
"3447",30.6364440069601,23.8050175759318,15.6756514329725
"3448",28.5847672598341,21.9172228765932,13.9998511847597
"3449",30.5429240309655,23.0789490857886,13.813328894909
"3450",30.5298656978854,22.9691957357824,12.0588463634022
"3451",29.2021076976954,22.2998038336934,15.6971116289432
"3452",28.8594044219468,22.2996975117526,15.0180962694007
"3453",29.0154076454504,23.0179218090695,15.024710708671
"3454",29.7589544178046,22.5056164162168,13.0662667773047
"3455",28.4042406318126,22.1194869313646,15.9447184210469
"3456",31.0381762228128,23.6208504528412,13.048515589243
"3457",28.3839252412073,22.9535131713106,15.5784764316724
"3458",28.6527871168243,21.1675717237246,14.6099766087719
"3459",29.8789675475693,23.2019026997081,14.5537194187315
"3460",29.0076309089629,22.9221935905785,14.1177129555077
"3461",29.6261384946586,21.9820207469351,13.4494851617045
"3462",28.7429902498132,21.9784443607788,14.1432427789346
"3463",31.0325464279462,23.4066859255946,13.3206627585393
"3464",29.365300145438,21.6543685788795,13.3649530491799
"3465",31.259312754364,24.8460025488903,13.1743595278269
"3466",28.1995961620602,20.6652024194655,13.8320351436893
"3467",30.4269207294519,23.620936934159,13.7550071565334
"3468",30.1974309394147,23.4426742224521,14.0375705656924
"3469",29.6972662693416,23.0500467234628,14.758836112384
"3470",31.3328904757779,23.7254421603753,12.8535101640997
"3471",30.1757155358758,23.526011272519,14.5506088313077
"3472",30.1150677463164,22.7839250465342,14.1045200879611
"3473",30.0306315884686,23.4647948805637,13.4053553923381
"3474",27.8215723061167,21.7573438994733,15.5934479766348
"3475",31.7739990184457,24.6317593218271,13.7414360488542
"3476",30.1743379583821,22.7713269492078,13.2257012493114
"3477",29.2989301340527,21.1282987684385,13.3017278483162
"3478",30.7900846102807,23.8740584881359,14.0826526474914
"3479",30.4731701271219,22.5628420969286,13.3709685566231
"3480",27.5823368384247,22.3526874527149,16.0996222373304
"3481",31.7534322945728,24.8918158661146,13.9649391251138
"3482",31.0062074559753,22.617922054041,11.1739555525941
"3483",30.9883935581825,23.8976265328341,12.5605042815289
"3484",29.8615869989954,21.5964363267468,13.1771825159472
"3485",30.7706502534717,23.5064015076172,12.7123727959485
"3486",29.7958878785476,21.8176156687292,12.6289864509701
"3487",30.824833556951,23.5583332061636,14.4183769511644
"3488",30.5654716795373,22.8684871239363,14.5230273253507
"3489",29.2567480526034,22.2944511936643,14.71011617853
"3490",29.6808594270669,23.4153275907792,15.06009305814
"3491",31.2844677995945,25.2728434104898,13.1181360438048
"3492",30.4254247794389,24.0303937797327,15.2174447424743
"3493",29.3071808305371,22.0005755667082,13.0959747544138
"3494",28.4552666301517,20.8810288414768,13.9889979558938
"3495",31.498238588573,23.3515548186745,13.1033587951497
"3496",29.8648956490606,23.4137966660121,13.3932682994601
"3497",30.1819412035953,22.6842038558057,13.1333145808217
"3498",30.4282696203845,24.1231684800851,14.2877595732851
"3499",31.610385384603,23.9377832565033,13.5965387462301
"3500",28.1352458603476,21.7990735455036,15.5937818109495
"3501",28.8022259591021,20.9704946227273,13.0378608393883
"3502",31.3998160166302,23.7232332776029,12.0962735514397
"3503",32.2172351860347,24.0931271974953,12.9635450185639
"3504",30.0054666349893,23.2098369868227,12.9343592950815
"3505",29.9642026798487,21.7688865685016,12.8053052505499
"3506",30.5912549723679,22.8068899754628,14.5681741365416
"3507",29.0381953636113,22.0874890644712,15.0526445328217
"3508",30.0942610197146,23.7811249437265,15.1598098223963
"3509",30.9990059071256,24.3254560958206,14.1028700014661
"3510",28.456210306022,21.8520619703325,14.8362300054853
"3511",30.1450821794845,23.7067036919283,15.1789402936767
"3512",30.3946581707385,23.0156001005771,13.5894394570103
"3513",30.6206718658117,22.9348176399417,14.2205093346517
"3514",30.0207134765356,22.9738658766712,14.3368078531306
"3515",32.1328381339616,25.9394321351692,15.60789381879
"3516",29.4090220727451,22.4642594595456,14.657093232832
"3517",29.6580563277187,21.7706207687626,13.6039596760655
"3518",29.6256394674787,22.3712879991912,14.7549039693524
"3519",30.3513130857658,23.0391518178118,12.7279445309622
"3520",30.017291581923,22.4447968366816,12.982968611072
"3521",31.2299655982234,24.8195217528859,14.6987773747331
"3522",29.5585008186901,22.3865093047523,12.9053235338335
"3523",30.8037224890743,23.2095434845268,12.2224162194116
"3524",28.7759761439543,21.6263201185822,13.9457958380754
"3525",30.5270197504675,23.9648881790984,12.9319664112154
"3526",31.9965627972866,24.9342102372965,13.7075341883452
"3527",29.4366690064349,23.1377732912588,13.6281856083406
"3528",31.3736877985188,25.5012344912695,16.0355171829918
"3529",30.6248142482697,24.513689940464,14.9145886286846
"3530",29.2267640730401,21.6326939590075,12.2711097619119
"3531",27.9804366639855,21.6270276293523,14.7658179569052
"3532",30.0817728786832,23.2618983047415,13.4366513971872
"3533",29.2265309500244,22.2288711137238,15.1274220897227
"3534",31.301735835092,23.928642304788,12.5801684790512
"3535",28.3766401914992,21.2404604698095,14.01833074627
"3536",30.2349399403689,22.8129538576305,14.1760393649866
"3537",30.7634269383036,23.8200306271054,14.179498080221
"3538",29.7653267126028,21.9699649017804,12.5554755273498
"3539",30.5626162451819,23.8002618880516,13.2724186665566
"3540",30.2903688888986,21.9787209664095,12.1626175578087
"3541",30.1862219993106,22.8188044229392,14.696424344725
"3542",29.0389894275067,21.5830920500323,13.7665041846065
"3543",30.3466283494924,24.1401664854124,15.1003658108401
"3544",30.4404692911794,23.6452738528642,15.0914263955238
"3545",29.3351668766473,23.1443241406674,13.0100005521818
"3546",28.9497603656419,22.4831259496561,14.5247125001466
"3547",28.0931420445896,21.7556068729562,15.6748918912737
"3548",28.924333393836,21.3139793075916,15.1331984010696
"3549",28.8810355214056,21.9610473100203,13.0976939041752
"3550",31.8213832364534,24.0771773342853,11.4865017915363
"3551",28.9432184342415,22.3649878510152,14.4534961387219
"3552",29.2076296406339,22.1543206129276,13.4822531903174
"3553",30.6231743088895,24.1152656347074,15.1245583292495
"3554",30.7080535264076,23.0878378567308,13.1012513412631
"3555",31.1527196329929,24.592236254673,14.1593793107327
"3556",29.9635276393853,23.3595570965213,14.8965672090416
"3557",29.8780689928547,23.208750048431,14.7953457460255
"3558",31.59495768376,24.1127152223289,11.7743453793243
"3559",31.3033595640379,24.1451906683628,11.9781360442564
"3560",29.9223033208465,22.5998992632519,13.6080663171182
"3561",30.8883093764867,24.3514871053086,14.6772053584722
"3562",30.1641374287726,23.785885793605,15.0782438903583
"3563",29.2622120042904,22.481213622941,16.2381208365272
"3564",30.7267182031111,22.7858425405099,13.1066789948126
"3565",30.0434924133948,22.5200803150344,13.4713764372831
"3566",29.0720161832495,22.752477571862,14.0004596619524
"3567",30.7660802576626,24.7070534928454,14.7484752293896
"3568",29.2902707442431,20.8128073321474,12.7085954661152
"3569",29.5061395069368,21.4194490361448,13.2477772293574
"3570",28.2741236428709,22.8912681001397,15.8653456395975
"3571",30.5489742655301,23.5065894840605,14.7120999150617
"3572",31.390366102416,23.639708242909,11.4532264416802
"3573",29.7851287033029,22.6305827562849,15.3389372760098
"3574",29.3356063642131,22.6345968482155,14.5307198896437
"3575",27.717330810375,20.3442192868749,14.1374705799964
"3576",28.6564883573682,21.1657814904303,14.6484436101121
"3577",30.6731915331572,23.4122633390709,14.5955252501166
"3578",30.9277946596828,24.0553901857186,14.0308593334746
"3579",29.6168886504578,22.5005929094692,15.0685179863188
"3580",27.8006470652854,21.9717954432555,15.972111743212
"3581",31.1895414764568,24.1399253199068,14.058962347184
"3582",30.7407997402333,23.2304359572693,12.3049106182748
"3583",28.3989387156924,21.3770541424045,14.6149649355331
"3584",28.0909549171019,20.7147540030701,12.1344817797371
"3585",29.9724994098785,22.5980531055463,13.8932055299989
"3586",31.9246094167869,23.8539525174377,12.9050479682906
"3587",30.9003928492827,22.8344768132976,13.1048319967459
"3588",28.8850958806037,21.7458157870434,13.7423578718294
"3589",28.1790454128072,22.0790247656358,18.5476632186087
"3590",29.9579978453279,22.744078757455,12.9828896757355
"3591",30.7631718364085,23.1263104318984,12.9876494990746
"3592",29.4193192338678,22.8702924526319,13.5798801726569
"3593",29.9757045912353,22.6384466317385,13.7182698452529
"3594",30.6785410045918,25.0985830703763,16.9888818305667
"3595",29.0789554765654,22.7883254778534,13.984235734661
"3596",28.6744009494171,21.692754630474,14.268927808333
"3597",30.0992386875627,22.7323625422943,13.5946553489527
"3598",29.4244191305337,22.7783260785908,15.3072052235544
"3599",29.8190427199294,22.6478212370052,13.8943818266406
"3600",29.3436962201535,22.9358847170194,14.5001827926509
"3601",29.872576438534,23.537275698921,13.8879504443804
"3602",29.311593739472,20.9873463969982,13.0324974066156
"3603",29.7624531559857,22.5430127051207,13.2619182008846
"3604",30.7814090292474,23.1740347569352,13.9921859614679
"3605",28.8232764123202,23.3553104809994,15.1048377657236
"3606",29.5293340533994,21.8222191847942,14.8015443378005
"3607",29.8058654146719,23.3568737995252,13.9820049364885
"3608",32.5893499870338,25.1302649471394,12.4206652856748
"3609",28.5348708254456,21.7302291419268,15.4477004349001
"3610",30.7140899203717,23.9874741839488,14.7079583844143
"3611",30.1916580255157,23.3435568140802,13.5118763241615
"3612",27.8127288831281,22.3851565770051,14.9442319340167
"3613",31.8661168444563,24.587308724723,13.2196242718789
"3614",30.845000796361,24.2663150752288,13.779663968302
"3615",29.9573063617114,24.6515583518938,14.2339986506114
"3616",31.130683729443,24.4835395313081,14.1049033084984
"3617",29.0866096277879,21.6286368414311,13.6538560992739
"3618",28.5949463003745,22.1636857594738,14.6581144701062
"3619",29.548733360376,22.3521320190373,13.6447187876882
"3620",30.5337148986591,23.2290923003536,13.7343533341005
"3621",30.0625509996425,23.4098105366021,12.8235072170123
"3622",30.8517997164966,23.2172833820079,13.9516359656259
"3623",30.4228753886506,23.8294851575119,14.6665094424776
"3624",30.2194552970112,21.8280749996423,14.1556372748004
"3625",29.3572903037726,22.2011637434257,15.0881565637002
"3626",30.8871403221677,22.9588159132715,13.973858639607
"3627",29.578092406815,23.0019660413918,14.5914119255228
"3628",32.2950359345754,24.6376761233258,11.7625380838314
"3629",29.9766911311654,23.1154464984366,14.7455824350309
"3630",30.9480079009449,23.4813032220497,13.1462793805245
"3631",28.6285254175776,22.1659312430347,13.7451721596943
"3632",29.051338933349,21.8408795699828,14.6963050174104
"3633",32.2306586449589,25.0202014078355,13.8905004065457
"3634",29.2353256735392,21.8978922532587,13.841946773053
"3635",30.6197872010026,23.1031798192462,12.8509691969667
"3636",30.04629870816,23.0263938379814,13.2152574667758
"3637",29.0041743628386,21.9063984740391,12.9550865526699
"3638",29.0175844813697,23.0429786101977,15.1611052363654
"3639",30.2040864298812,24.4023788746748,13.8594068678899
"3640",30.146996315673,22.2848055676175,14.2960658550661
"3641",30.7843640856643,22.7715575836854,12.9982135189443
"3642",28.4950711620186,22.4353079893147,15.0764697903828
"3643",31.4770178006315,24.5038560685281,13.7064784425447
"3644",29.2681868898652,21.6529529658056,12.567535530956
"3645",28.620853806962,21.6645295548749,14.0098288371437
"3646",32.4971858607066,25.2504564079446,12.9081649044305
"3647",29.5612081207617,22.1420080998363,13.9582681540201
"3648",30.3108463122956,23.3711465204676,13.9043401881938
"3649",29.9292484373268,22.9951923701748,14.4359028851672
"3650",30.345499183832,23.5494139963794,15.1390752365962
"3651",29.4497017538742,22.2345941897246,14.1468140376472
"3652",29.1214695259396,21.9496975429647,13.6600538959483
"3653",29.6136271719066,21.9117452943804,13.0910958451842
"3654",29.5085777761313,23.7574497754948,14.0208770792856
"3655",30.3235168672387,23.320937765795,13.4134986440844
"3656",30.4422690607848,23.0373467428767,14.7055634118984
"3657",30.3607160360335,22.7897859500806,13.1414059752438
"3658",30.1670838081898,22.3808529611297,13.9407251626793
"3659",30.8178144831499,23.3098540263126,12.5277457604786
"3660",29.1503574549317,22.922782502474,14.5846686980377
"3661",30.75874179456,24.0175067995514,13.408774768464
"3662",31.2337501647496,25.4174172498769,16.2257853306439
"3663",29.470799452835,22.8892317010424,13.5127948397682
"3664",29.9450891735705,22.0430877256742,13.4832286677348
"3665",28.9204217777227,22.8021223916291,16.1946347018653
"3666",29.06874841669,23.1896946080346,16.0065420585806
"3667",29.9671384438834,23.1328759961646,15.6612193955921
"3668",29.3629607142249,22.4566624901081,14.5331174767301
"3669",30.8220348064245,24.2308635175716,14.3786372845555
"3670",30.6229464078726,24.7655612545635,14.3539989639435
"3671",30.7613078283062,24.8357622176275,14.5605236204457
"3672",29.8847160572097,22.8118422933373,13.3232699485109
"3673",29.3160157659775,22.1949340766953,13.3934328898865
"3674",29.0953735861374,22.569248627825,15.3248531628659
"3675",28.3534909388877,21.4933585315854,13.1790314605686
"3676",29.2522698991027,23.232328183597,14.2784203509483
"3677",30.0122852992662,22.9807964971343,13.1858888068355
"3678",30.8202707353556,24.0844367574474,15.9096535227145
"3679",29.5127682849442,23.3138458172505,14.9219618893667
"3680",30.065097331077,23.2255578461392,14.5026784904718
"3681",30.2773325775915,23.3882582830861,14.0806804354128
"3682",30.5542347197032,23.4359518293152,12.9563543747572
"3683",30.7690716355881,23.9328426433274,13.1380755666386
"3684",30.7791250379583,24.0689291285141,13.7282047332011
"3685",28.2883493454419,22.0326133458017,14.5136470423715
"3686",29.9362897122922,22.7154115786141,14.4790886255085
"3687",30.6125338811322,22.3586211817232,11.4017408888128
"3688",31.5364017035656,24.5153753068701,13.8901100646002
"3689",29.7502447147754,23.0763416369455,14.6041270049271
"3690",30.3408868825386,23.9312122547119,14.8753154062489
"3691",30.0082466914812,23.652744943794,15.4819764268804
"3692",30.1524368866552,23.5134012776804,14.7814455580943
"3693",29.0719368581903,22.8012863306021,15.1444800509032
"3694",30.3844298081615,22.6281375483115,13.7130013141257
"3695",30.4570824316806,22.7162876742804,13.5425579191024
"3696",27.6962824856528,20.6106669289438,13.8387820098419
"3697",28.826536382379,22.6722717801304,15.872251602615
"3698",30.0238422327944,22.0824183747593,12.0916225557192
"3699",30.7983560969793,23.6506394399781,14.0815114565704
"3700",29.1042949311594,21.7325373919761,14.4999387743065
"3701",30.6072325971245,24.2507978310842,14.0258321703702
"3702",29.9091831267628,23.4430222628593,14.7503640267551
"3703",28.9324049993201,22.0251026695132,12.7939765399307
"3704",30.2237169838144,23.7879935755888,14.5855109540897
"3705",30.3950994353717,23.4205402524993,14.3072890147458
"3706",29.5225888832835,22.6342328606536,14.0412541099314
"3707",29.673558509578,22.9078304810061,13.5054656634365
"3708",30.2093517557046,23.3787662984226,14.2981467810049
"3709",30.1388589582482,23.0020652677786,13.1652071634095
"3710",29.69617901033,22.9625227031763,14.4390421130049
"3711",29.4584271073114,22.6703690907968,14.1031308378112
"3712",28.7178338925264,21.3372469562257,12.7323468169342
"3713",30.5624402102169,23.78887758886,15.6597705783218
"3714",28.0684680960213,23.1153734219715,16.1388908730886
"3715",31.3309766903191,24.7322322790481,14.5788917960947
"3716",30.7415830138647,23.3321769027506,13.4585352689459
"3717",31.2534030716069,24.068050374788,12.9968187953607
"3718",29.5840140537874,23.1853564080274,15.1102849710346
"3719",29.5280541801426,22.9892985476585,15.0200390635923
"3720",31.2593507431703,24.6316537353136,14.6516723180485
"3721",29.9703236749499,22.8552282538226,13.7581567300828
"3722",30.4473071209325,24.5948975454017,14.6614467749221
"3723",29.8141737237286,22.8647114269524,16.0405939801546
"3724",31.5307397555859,24.4165707090153,13.7212242276613
"3725",29.0653267079368,22.380082027443,14.3903815992095
"3726",29.8023252071565,23.2754222893645,13.9090083128636
"3727",31.3151651896623,23.2509538398484,12.6811738516641
"3728",30.2152271444184,22.5732338405179,12.8971695075994
"3729",30.4188338771142,22.8971055938646,13.4222189892467
"3730",30.3866922936893,23.44328095004,14.3658100932417
"3731",31.671664162353,24.2129808831115,13.9249612358545
"3732",30.5846117436208,23.8992404751944,15.03830743599
"3733",30.2307161732603,22.80755000751,13.1005692932059
"3734",31.4314949823555,24.2911673759072,13.4560057207832
"3735",29.9284801973966,22.3709693263568,13.725512395591
"3736",28.7031348260491,21.8101222656803,14.6138614126555
"3737",29.0909130765096,22.6474419652772,14.7761373842
"3738",30.8079774890676,24.2269954153503,15.4506269486342
"3739",30.4215920848222,24.323808934514,15.3470165552935
"3740",29.9808185898037,24.4530806543437,15.4698294608828
"3741",29.8936551086352,22.2136467174369,15.0164972004612
"3742",29.8497506719165,23.7946415256934,15.6777948272399
"3743",30.9193511370773,23.4804985854353,12.6352287848485
"3744",31.898498807761,23.990680514109,13.9074902522439
"3745",29.7216375405484,22.7253197015614,15.7164080931721
"3746",30.5868741824589,24.2307008688763,13.2058242919951
"3747",29.4233656964607,22.7999703080674,14.5699822517302
"3748",29.3141624432746,23.7550325378297,14.4843625943853
"3749",29.180326756237,22.4008388013075,13.9461970867343
"3750",28.7985989214293,22.5621902343009,15.4877904732951
"3751",31.2864676889039,24.5301337784308,14.0764453332901
"3752",28.7622045699059,22.0642741381551,13.4043447254195
"3753",29.1380017254805,22.9510651909147,15.2711798390542
"3754",30.3502619100951,22.8260836475313,12.7194339293388
"3755",29.7190011731548,23.6025361146242,14.7828397849241
"3756",29.5262506138254,22.3058087165284,13.3517247747361
"3757",29.0370510141782,22.9098592186227,14.6419810265888
"3758",30.9632943099734,25.3201269168095,13.6073870912525
"3759",28.4651127084854,22.1939360503995,15.5279457520386
"3760",31.2927229553328,24.4558119974192,13.9664155187854
"3761",31.5756836873087,25.5394360810228,14.0212614601487
"3762",29.254494111982,21.7525231128327,13.6608725068084
"3763",31.7083585382655,24.0896606590108,13.5822792234603
"3764",30.1882482840381,23.5690180256867,14.9637806347648
"3765",31.4495592777674,23.7922888155818,12.8454960371483
"3766",31.7880903355845,24.222479964886,12.4928312717982
"3767",30.371972703139,23.3942252447457,13.6853426831137
"3768",29.4914922380655,22.2737380605947,14.1248905062486
"3769",29.559455047907,22.844691537035,14.0314989843499
"3770",30.6388767875923,24.3072553609004,16.1049439926799
"3771",30.055803270451,22.4896572422139,12.5323013660213
"3772",30.3232286195025,22.5786344095258,13.1729981768284
"3773",30.5842788144022,22.2310160898205,13.444866590309
"3774",30.3213687304666,23.9688366497869,15.2437501902772
"3775",29.3951313660068,23.3209493813655,15.2182645920967
"3776",31.350520280291,23.3812916222688,12.9047038575425
"3777",29.5951515302706,22.3544331096413,13.0390660240963
"3778",30.5066620387849,23.0294939501527,13.658024059649
"3779",30.3511201548075,22.6293706593608,11.9482851532122
"3780",29.2819019848187,22.5626173104697,14.675873295443
"3781",30.4648011536692,23.3086425533882,13.8221437369778
"3782",30.9956776678754,23.283868750842,12.0385712016659
"3783",31.5967912566398,23.5927163947682,13.6160730706652
"3784",29.2824456755107,22.4540655546736,14.1186248256029
"3785",32.1942500992877,25.411209076985,14.1113199187803
"3786",30.5693512604034,23.1995052169577,13.9018460258168
"3787",30.0477038771791,22.3992531308928,13.4551405085495
"3788",31.4124487886554,23.9424621867924,13.0035176932171
"3789",29.8557145267858,23.5595665340159,15.2702365384131
"3790",29.6155536410693,22.0578129521583,14.0213532959552
"3791",31.8266452011827,24.6667920321034,13.7883615552505
"3792",31.0651001084133,23.7301844558323,14.2372970862744
"3793",28.1495597773381,21.7071943117658,14.8858904335415
"3794",31.249966710638,22.5231060192517,12.6170579522101
"3795",31.2721527685436,23.7696885939919,14.5527464659832
"3796",30.5195575702931,24.438823928376,14.7738848389663
"3797",30.1885922313662,24.2685850368193,15.7902235212053
"3798",29.7490190620274,22.4740081955622,12.7222789612258
"3799",31.0734634493619,22.8918500588632,12.851579111734
"3800",29.8441848464857,22.9260268124253,14.5121165266732
"3801",29.4032518822554,22.1330337363491,13.7449936587891
"3802",29.3947806425589,23.3660307640144,15.2005682563883
"3803",29.8100846725625,21.3422559759354,12.9798356854955
"3804",31.0247515158173,23.6018872102682,14.249262420105
"3805",30.1887066821913,23.1694212411164,14.3780193838942
"3806",29.6919972197488,22.381642590626,15.2236810371244
"3807",29.9160634602898,23.2718970835812,14.891822903832
"3808",29.6915255578276,22.9422464424231,14.1245774666079
"3809",29.4782749746259,22.8594339116372,12.1614928480041
"3810",29.5767920053474,23.173219413949,14.2635051590918
"3811",29.5766629583515,23.5613931560069,14.1559695931367
"3812",30.6497305702866,23.7686479084802,11.6621343624505
"3813",29.123290389715,23.8689304387621,14.8266538621484
"3814",30.2973463757094,23.5748332291374,13.9062176843195
"3815",28.7786085104134,21.2014421669419,13.3988273841981
"3816",30.2807203358368,23.7768405495466,14.0054610652748
"3817",29.8314060159153,23.1936951750154,14.9772353175018
"3818",31.6006597995145,25.2368303867579,13.8524330659345
"3819",30.9712712938402,23.1454120118293,13.5639830226557
"3820",30.3225443176393,24.9496080257927,15.8596048572586
"3821",29.0819536076536,21.5857208976376,14.3053899508285
"3822",30.06790910677,23.3153502174496,14.2467501985671
"3823",29.5140658051366,23.3474873733497,14.3509697686749
"3824",29.7548111544459,22.99600433588,15.0418623735692
"3825",30.7864885480465,23.4936061472268,14.8067816106098
"3826",29.6569955506656,22.7740324984377,14.0447002438326
"3827",28.6883768742577,21.477039860199,14.3797777278724
"3828",29.485625038181,22.0231103829715,13.1549971087515
"3829",29.3296212969995,22.4780513964261,14.6295795645895
"3830",30.6819344661725,24.0924023940238,14.4000643758289
"3831",29.7451423510438,22.7801221797004,13.5991630104214
"3832",29.443327017041,23.2687868352981,14.7989281070651
"3833",30.6425803553684,23.5964341052257,13.8736540570456
"3834",29.628590463391,23.3052928824374,14.4303468399999
"3835",28.2584398329404,20.8427655267036,13.9254573685303
"3836",30.8433871771813,24.3089112964841,14.7240640312475
"3837",29.0469523976593,22.4788139693538,12.693740126252
"3838",30.1666546150692,25.4502146505766,15.3444874812625
"3839",29.2444103989749,23.0151037427352,13.7323660315701
"3840",30.8284718813643,23.642113710409,12.2257140791797
"3841",29.3759506600435,22.184594273908,13.1184895593763
"3842",31.4726082170379,23.2552869348967,11.771148542895
"3843",29.6886434209987,23.1874175302647,13.6678441948106
"3844",28.1959345401645,22.3366486631933,14.3418728579802
"3845",30.3362910534093,22.877263358948,13.3569596704685
"3846",30.1615105259489,22.9856102369287,13.8296795374582
"3847",28.5575147873236,21.4040615115919,13.0882236426792
"3848",28.0041045521243,21.5366583245889,15.5873486267606
"3849",27.5258201037774,20.7979626739331,14.530173514092
"3850",30.7439348913477,23.1050315723676,14.3364156881826
"3851",30.8139451504684,24.8210317627178,15.6858532120108
"3852",29.0288956509421,23.0529947128469,14.9929200604456
"3853",29.870814422727,21.9546912186776,13.0943487503229
"3854",28.8777226690328,22.1045303094948,15.5422331661316
"3855",30.1923418794744,22.0110052331912,12.5570766233182
"3856",29.8084966610353,23.8186894603836,16.8589583030421
"3857",28.0919982569849,22.5403865858437,15.6896748006292
"3858",30.047868378524,22.1599950053441,12.6060115282784
"3859",29.1173093567564,22.3268117066802,13.2666257465987
"3860",29.411089511753,23.1821161496704,15.6157388186562
"3861",30.1364788465782,22.5770626079343,12.8871056626005
"3862",30.3306628077132,24.4278248873842,16.1211269793327
"3863",30.0473986379493,23.9904326486838,15.0769152590653
"3864",31.6612902230633,25.2175957275044,14.1480978711391
"3865",28.6233740380325,21.8433075882153,13.8630353890697
"3866",31.7011794803219,24.8170224519823,15.2552320637897
"3867",30.2228789219624,23.9107648238424,13.8424088163984
"3868",29.8661807761141,24.1394363037879,14.7275224688957
"3869",29.035068974759,21.5508819569004,13.8815533101439
"3870",29.7789908090916,23.3653807405159,14.7409913057834
"3871",29.0824052101731,21.846705640553,13.3161362148391
"3872",30.6977010370373,22.7039616786034,13.5791982170368
"3873",27.7786033157775,22.0140015518581,14.0283916964624
"3874",29.2118536279763,23.2502589209184,15.179473313249
"3875",29.4437256139067,22.5958195768161,14.3278520956279
"3876",29.3370207410254,21.8971303438043,13.8979194909091
"3877",31.7602915186331,23.6799514798873,12.6885436661918
"3878",30.3951588624254,22.4118765954525,13.4507487802571
"3879",29.8284532690232,22.8769325264758,14.3894423451695
"3880",30.8490639058141,23.6999974441586,14.1789291522795
"3881",30.1451117003678,22.7506419593958,13.7962167190144
"3882",31.0551608748027,23.092840059316,13.2934423536572
"3883",29.9818809152271,21.9521350010793,12.1133063563165
"3884",31.8237740127431,24.624252803172,13.8952700927693
"3885",29.7579601402771,22.5948172996493,13.7316124100744
"3886",30.7587231976742,23.4194723500281,13.8358865222186
"3887",29.3351340037771,21.8900568630389,14.254060895271
"3888",32.0672154388162,23.9506205292304,11.479409349991
"3889",29.8274584276053,23.0560530072476,13.8639032702642
"3890",29.8176230604653,24.1499784495949,15.5271051253648
"3891",28.6477973956202,23.1718099305599,15.8912816198637
"3892",31.3784213550238,24.0634423383263,11.9857404024206
"3893",30.5229818777708,23.5067826180133,13.8655835389015
"3894",29.1708090442124,21.8229105770146,12.0928274729175
"3895",28.7708993535654,22.8547503206234,13.2976451626754
"3896",29.9117412385608,23.0054054569724,15.93782405701
"3897",29.9137741286515,22.8320237445653,14.9955247415479
"3898",31.6437946047196,24.3499455700664,13.1865580250692
"3899",29.2837384742493,22.0129424566415,13.909962031982
"3900",29.8168596826952,22.7571216783458,13.9945440295411
"3901",31.9197114694064,24.0831156628715,12.3788512798881
"3902",30.1117386648561,23.239460834283,14.0216960268125
"3903",29.3080185392195,21.6617218835276,13.5584705612267
"3904",29.5819285820723,21.688685031506,12.9941429000588
"3905",31.1541826455453,22.7898077755689,13.2574558223186
"3906",29.2157110410468,22.441262681946,15.3406400738689
"3907",31.0232291410531,22.417446495618,13.145476806049
"3908",29.9043462122886,22.0940287974877,13.2965437498185
"3909",29.6881366664439,20.8725589782322,12.2557236623151
"3910",29.6919442995299,22.7618933640344,14.681539657646
"3911",30.6501057356309,23.593172751825,13.9035221483977
"3912",29.3317329210984,22.0266736153438,13.917535454721
"3913",28.8548898647256,21.7105652160886,15.4606940858802
"3914",31.0291720511127,23.7142135697652,13.8089962066137
"3915",30.3307138729849,23.2046999795395,14.5860521943093
"3916",28.5679752556098,22.3982683273461,13.6631855454819
"3917",30.8042942625028,23.573283349531,13.1152210511998
"3918",31.6694859066751,24.8852071720272,14.5861712861484
"3919",30.3424234475702,23.8380510518732,14.6127942237832
"3920",28.9687165996856,22.343825353519,15.21360500641
"3921",31.5332374718118,24.1486618315089,14.1127006071566
"3922",30.4327465549343,23.002483748395,13.8970791506648
"3923",29.1461499695981,21.7890799356257,13.4615050335956
"3924",29.9895000487651,23.5659775405393,15.9806736394227
"3925",29.4548310893749,22.5411001375645,14.3198273987886
"3926",28.79322437506,21.1001788091744,14.3077707124979
"3927",28.7272395239827,23.1434956338878,15.8209714483926
"3928",29.806015519923,22.666034961697,16.0131284766979
"3929",29.2079419120079,22.6419399958627,13.3384137989991
"3930",30.9685293755534,24.1745139419776,13.5865675392529
"3931",29.3187654964498,22.0369481650973,14.0252765587653
"3932",29.8827495051808,22.4463674923315,15.2930469261243
"3933",29.5694661536986,22.5759234006437,13.7908629625591
"3934",30.0553715270775,22.9340051502518,14.3375006300616
"3935",31.0851674056156,24.282101243435,13.6005851847843
"3936",30.1372212307586,22.5949435531128,14.1743219026527
"3937",28.5248493462034,21.8077794523172,13.2828572480215
"3938",30.71138357555,23.4808863112672,14.0188709559228
"3939",32.0491142856193,24.4683353398075,14.0664455373818
"3940",28.4595961163864,21.1507333929309,14.6874198622338
"3941",30.8026066117805,23.1440530104523,13.5893861002856
"3942",28.9069187165308,22.1560733363869,14.896078796061
"3943",29.1620158641958,22.7009828027726,14.1928474100236
"3944",28.6565467035447,21.5479353741218,15.4290415334964
"3945",29.9353466326471,22.804420375378,12.9289074591984
"3946",30.3474391471786,23.8453330517239,15.8581931393915
"3947",28.2271605692662,21.2070070663994,13.4327494601949
"3948",27.9214330180351,20.9097788421806,14.1512157927414
"3949",29.4705593288033,23.1650939758918,14.7295537634972
"3950",29.3952257412175,23.3852073226428,14.2272555419069
"3951",29.4584393996309,21.6919669758216,12.8350693175106
"3952",30.947337439305,23.1191841952585,13.3200660969489
"3953",29.5610277804997,22.7514427741858,14.8827226101055
"3954",30.8756815001938,24.6547530050871,15.790663269206
"3955",29.991950723725,24.0955945416837,15.4626507526044
"3956",29.4801442232441,22.6910501956661,16.2763333273767
"3957",30.4617580331547,24.3078107586043,14.7722215206278
"3958",29.4287475196367,22.1633139303213,14.846533948909
"3959",29.9246502166461,22.0792998693882,14.0656160153213
"3960",28.7943041990468,21.7698193613498,15.1693447806238
"3961",27.5714942114853,21.1800077985178,13.8731696939994
"3962",30.7010527832573,22.730366439229,11.9243743211352
"3963",29.5179231580945,23.1409498665684,15.2607066677683
"3964",28.8442358122591,21.1140697939992,14.1131513192841
"3965",29.5971516877746,23.253694529781,14.6761754943797
"3966",30.8453808023982,22.8264679356537,12.2074255678265
"3967",31.2274538374158,22.5231302166663,10.4124108698182
"3968",28.6508478184142,21.7085761531155,14.3013021230486
"3969",27.6485179006128,20.0601425591415,13.4117540372361
"3970",31.0715106089676,23.7604942634328,13.3564443131897
"3971",30.0676189989271,22.8485560971293,14.4490592797858
"3972",31.4381708121357,24.2989367473612,12.9749144191049
"3973",30.3972013428401,22.514504575229,14.2682407481812
"3974",30.6451776604378,22.7150035229016,13.3586147506818
"3975",30.0986094426386,22.5745667743327,12.9555718400907
"3976",26.9811743616798,20.544084769454,14.5123671442813
"3977",31.2698231962691,24.6533516187348,14.5495747927208
"3978",29.6751514844954,22.1710764917362,13.084405165281
"3979",28.2752691485843,21.603214400122,15.4223856225939
"3980",30.6196405467854,23.3426876507259,13.2986589342585
"3981",30.5948922584665,23.4864486109483,12.3606644445637
"3982",30.2935039798367,22.8452183625377,14.7997667401249
"3983",28.528446520365,22.2749230641476,15.0008599782966
"3984",30.0179922194743,23.9763619712348,14.9021156321396
"3985",30.478616396343,24.5859765772319,14.042641663382
"3986",29.5918340717956,23.2400399912378,13.8188244517696
"3987",31.5613519871304,25.6567988061359,14.724788616937
"3988",31.4297694926928,24.1725944339496,13.1375645755307
"3989",29.3003186643222,21.675526176406,14.3992826659497
"3990",29.5386327178761,22.5000627207533,13.8006217573049
"3991",32.1262122577498,25.1594257614899,14.1087293603377
"3992",29.4163043149083,22.3147005332632,13.8176634619934
"3993",32.6198823203318,24.9035164551853,14.150234741275
"3994",30.579611320223,22.7971814077625,12.5236708374158
"3995",29.8991626576208,22.304524133189,13.4082884368788
"3996",31.3945644292307,24.3576464850969,13.8765547146323
"3997",28.5138577187766,22.1742460039184,14.440618233332
"3998",28.9047398446773,21.6158931324397,13.7041045540171
"3999",30.4423307323089,24.2487508295815,15.0752711391313
"4000",29.1737074881611,22.0242307953096,15.2571458633592
"4001",29.6235955587362,23.0261759215348,14.0551669278545
"4002",29.3728618461763,22.5138282440708,14.4823054256449
"4003",29.5343107385886,22.1437375958808,14.019004127613
"4004",31.2258915242879,24.5550109234018,14.8160402953172
"4005",31.8081862443807,25.0692210323656,13.7002993306116
"4006",27.9288232853448,20.3268221407139,12.7031287041473
"4007",30.0504435801945,22.5481316387034,14.2278428474779
"4008",29.5285364506253,22.7495487979419,14.0104947567131
"4009",31.3437577030565,23.5583108101345,12.7365910981565
"4010",29.1656621609399,21.626470726062,14.0905859343744
"4011",28.1692262178448,21.9619950994429,16.2066869925418
"4012",27.9389049755309,23.000943515312,16.673596034519
"4013",32.0707530830311,25.0527241530629,14.5342498308771
"4014",31.4276058246003,23.39198349303,13.4544237729887
"4015",29.9165967715972,23.2235279967271,15.0123230805282
"4016",29.3300448907442,22.6012200920363,14.8970730423324
"4017",30.5203484494753,24.0595388625036,15.5706017736858
"4018",30.5953722334731,23.7749724543745,12.9975397219429
"4019",29.6673000065828,23.1849774263459,14.8899209008929
"4020",30.5972722071796,24.982051158538,16.1581399601008
"4021",28.6251425542609,19.9353074068167,12.8094138520749
"4022",32.0343029523349,24.6626876403623,14.45632891899
"4023",29.6083236007666,22.880225077458,15.499591548765
"4024",31.7786665993921,25.0815661263551,13.825222135281
"4025",30.5647495721017,23.5462068480592,14.4618260369304
"4026",28.2370508876569,21.7363283313872,13.5377724426408
"4027",29.200770688507,21.4945172594675,13.7378642593511
"4028",31.5703439244755,23.7156905137459,12.6805613266855
"4029",31.6799966051346,23.5255806113638,11.9907662227097
"4030",29.8734040313641,23.1538650028933,14.4107091038979
"4031",31.1451525939177,23.6779944129568,13.9347185207794
"4032",30.0079075482002,22.2551150995249,14.2777668471133
"4033",30.5478844743388,24.3053078031852,13.6769108760778
"4034",31.6522354795791,24.2144245000013,13.1645715026474
"4035",30.417613481211,23.9553089048874,15.6195737130438
"4036",30.8974929312947,24.4752795944752,13.8589483431335
"4037",29.1878039038765,21.8009618480621,14.4101752721517
"4038",30.786923797261,22.5240761329538,13.0744741984668
"4039",30.4682412325528,22.3135753595378,13.2234658782783
"4040",28.8134401050373,21.3866924313334,13.7355351572752
"4041",28.5728011627057,21.1495505521882,15.1813362080582
"4042",30.0767431225336,23.3200158807338,14.8997668726989
"4043",29.6584461012138,22.537213115227,13.5307940228623
"4044",28.7432369473867,21.5509348087426,13.5594304258905
"4045",30.4021315024087,22.7016825106466,13.3382344936048
"4046",31.3466761705745,23.2660061973022,12.7835608819318
"4047",28.7786428089705,22.3904349677941,14.2776305837113
"4048",31.484871934371,24.7473175309046,14.7649677787671
"4049",30.3244081813318,22.2939860754407,11.399531540869
"4050",30.4658843490763,23.2615895383321,13.8402855151004
"4051",30.1857596833121,24.1889738565323,14.9891054063758
"4052",32.5446602330859,25.3126749695281,12.3597762724265
"4053",30.5884943892101,23.4694019027154,13.7314015856591
"4054",28.3621948303632,22.5121521024735,14.960675410534
"4055",30.2739849440843,23.7040461215456,14.138611575959
"4056",29.8029260037814,24.4011999761193,13.7706482330417
"4057",30.7976211453813,22.7113636581516,11.6222337231448
"4058",31.3194856733028,23.2061968391046,13.5604669416417
"4059",29.6309450604488,23.021061580912,13.7500490727959
"4060",29.3771052693739,22.8604346016942,15.1959579678115
"4061",28.3813255311108,22.013090977901,14.6368168349901
"4062",31.5712307660346,24.5901959539779,14.3146199776211
"4063",29.6558886418042,22.8881233874388,14.9763999821751
"4064",30.3528030464567,22.4768791791149,12.622144383328
"4065",29.7329044256183,22.9125364012876,14.6218998506963
"4066",31.1825628535873,23.9128631621404,14.2847912004912
"4067",29.683298790052,22.7961238243155,12.6138084896995
"4068",31.2163661620145,23.2601258248474,11.6512853996437
"4069",29.3201492742006,22.5292754412135,14.4145109860209
"4070",30.5338588535615,24.3477368371099,13.9942165142832
"4071",30.0504684059032,22.615045499791,13.389175452147
"4072",32.0922489752644,25.1975098171961,14.4028287336487
"4073",29.7184230124191,22.2331478785649,12.763522527326
"4074",28.6781091497567,22.8718885379298,16.1166073356151
"4075",29.6169206947102,22.181751729895,14.999214542761
"4076",29.108017428781,22.4235183571743,15.837648409199
"4077",30.8443002462577,24.9097268516882,14.187975689564
"4078",30.0628857232204,23.3567931010231,14.2432144765984
"4079",29.9734854168733,23.2768178885509,14.3224829219901
"4080",29.2566334793514,22.8171287928203,15.4568811446494
"4081",30.0742009563465,23.5927271095988,15.0087292294951
"4082",30.254141244289,23.2093097624087,14.2157625430382
"4083",28.2083112411865,22.3236440810572,16.4353401351885
"4084",29.2397171110082,21.4106906964564,13.4198769287592
"4085",32.0652493679783,23.8039998309182,12.3721409059187
"4086",29.6551042473256,24.8073958069929,15.9749677824681
"4087",31.4004446747131,23.2176374370982,13.1338363642455
"4088",26.8138099438593,21.1541759683601,16.2935003390756
"4089",29.8875521636289,24.2575765692218,14.3878273543075
"4090",29.2290390415517,21.520144585267,14.0726421594453
"4091",29.879812234474,22.9439554014978,14.0296108337301
"4092",30.2563494758628,22.4355231830979,13.8048588895545
"4093",29.4283069039871,22.6764028273029,14.1989285130567
"4094",30.4164910497103,22.7071423621831,13.6000213888882
"4095",28.8590782786711,22.2216064758433,13.0278398236814
"4096",29.5373328823501,22.6495548385411,14.8790801834143
"4097",31.3712226268048,24.6496971027474,13.0948671652352
"4098",30.7796688286988,23.2097218452332,13.7673389606501
"4099",30.4923849457586,23.3669705535909,13.4961243385439
"4100",30.6000643529161,23.4607983918343,14.2453468325465
"4101",29.0650661572737,21.6432769365616,13.3911054311196
"4102",28.2356736330596,22.0842603205751,14.6096965299325
"4103",30.9771231112602,23.5749607032942,13.2585614038362
"4104",29.5365390569884,22.3872882266013,13.9633900245562
"4105",30.9234032887957,24.078011619785,13.0728069754158
"4106",30.4381338886995,23.6099670072059,13.847268535038
"4107",29.6956341407793,22.8907564703378,14.5141057447164
"4108",30.9150542691887,22.2066586640251,13.4377611087705
"4109",30.6648146702415,23.4161888193532,13.240755609211
"4110",30.8339237597952,24.4367388361383,13.3247601537265
"4111",30.4401761658055,22.6319431091948,12.3988222727737
"4112",29.9024810772985,22.9578011723633,13.8748906994975
"4113",29.213469164558,23.2592716796439,15.6796034820354
"4114",31.046205631279,23.4787768600045,13.4798053411706
"4115",29.517465998481,22.3844807286347,14.1732406649124
"4116",31.2672323178958,23.5503830740569,12.6401735875852
"4117",30.7316199625371,23.1899459782927,13.6071312613983
"4118",29.3999575350338,22.918866086202,14.5650015484472
"4119",30.6665591036371,23.8754019505305,14.5703107166144
"4120",31.1582891055776,23.3702280478229,14.1177149659714
"4121",30.1748359145504,22.8461333526647,13.8158198698225
"4122",29.5733217053413,22.9535046492612,12.6666943204026
"4123",29.2780661849512,21.9921929973438,14.3461588646748
"4124",29.7442304010151,23.7573549795144,14.0108662732776
"4125",31.2337571512394,24.7785913283069,12.9351521167639
"4126",30.4474596509713,24.0660068285792,14.6537480442294
"4127",30.8668127473294,23.3975924628877,14.1629333732247
"4128",30.9381979155961,23.4894025078908,12.8037757909311
"4129",29.7399344276161,22.5467715024784,13.7585221640329
"4130",27.4751718153891,20.6610042903136,14.0613320441278
"4131",29.1466161129401,21.9605600168736,12.9432955865604
"4132",30.5513189287759,22.3971789823914,13.026257626598
"4133",29.3834158413102,22.557532031752,13.7406872147047
"4134",28.6076421421311,21.4690561814153,13.6916820765635
"4135",29.9879891383311,23.6141703620262,13.9099432456032
"4136",29.5231679495065,21.6343929828561,12.3901887490925
"4137",29.5253235154648,21.9925459117697,12.8510370827215
"4138",30.2561522169125,23.4251749020304,15.3808499719875
"4139",29.6695889516657,23.0906340766761,13.5340426655003
"4140",29.1652161681766,22.6922951223957,14.3498889193022
"4141",30.2018704069101,23.1177142095681,14.8635119697192
"4142",30.0975497307788,23.4948572533872,13.7211889568284
"4143",30.5732618011037,23.9291080346781,15.0371907606874
"4144",29.9018788625252,22.8340527437498,14.9772025982045
"4145",30.0840547284285,23.6823286894357,16.0146669043943
"4146",29.778563050764,24.1641899672619,14.504270569076
"4147",30.004520358422,23.3037619031564,16.0370809404009
"4148",30.4189992498438,24.0067059373399,13.6507793985717
"4149",31.1238632746436,23.0170368536847,12.7862450158758
"4150",28.8223169032076,21.9813108703839,15.5324304158317
"4151",30.4888454081865,24.0264389693963,13.2693468446496
"4152",29.5773548000312,22.9835634194512,14.513026892489
"4153",30.9898722937784,24.3788271141757,15.4598906891122
"4154",29.7839143712541,23.8738280674216,14.5141856450994
"4155",29.6788563159259,22.1140721446624,12.6636935002211
"4156",30.6008928277724,24.7396083056261,15.0161443772053
"4157",29.808272813747,22.34980268734,15.081280822159
"4158",29.9334042878796,22.6360796149176,14.0309799316262
"4159",30.7120733755215,22.6869429113355,13.4359353332258
"4160",29.6022487087984,22.9181982197661,13.9594922887572
"4161",30.6274866061169,21.8613834652974,13.0742288121946
"4162",30.8054281622626,23.0305670919149,11.5425637663963
"4163",31.6158207936431,23.7474662323609,12.9451930510287
"4164",29.768884036265,23.0136846313745,13.9362118231284
"4165",30.6751628270952,23.7760559116978,12.3568953980983
"4166",30.542575802093,21.8336813031004,12.0239822382123
"4167",31.4723185482396,24.7743619714189,14.0390420345629
"4168",30.7771999781172,23.6895773474262,12.9012522438839
"4169",29.7111996909694,22.7959732248601,14.1132026527288
"4170",29.024835276885,21.2541616829199,11.9487797261385
"4171",29.9007703232719,23.0465371168611,14.8649014779578
"4172",31.4271298416357,23.1570933354689,13.0235769056478
"4173",30.0135454041947,24.1220903105145,14.88272687183
"4174",28.5517540009673,22.4094357511113,14.2024291277542
"4175",29.5203773691721,22.5853013489789,14.3717264965914
"4176",29.3231485568312,22.3152087197181,14.5633657174449
"4177",28.9496300633969,22.1566500908499,14.1468333564329
"4178",29.3890740807366,23.1028918249056,14.6366390059097
"4179",28.8666693074514,22.6856583486021,16.1835636139775
"4180",31.1041099848264,23.8169740378652,14.0965330484089
"4181",29.5564833236126,22.8342138913653,13.8887886957058
"4182",30.1000219252184,23.4471376669025,13.5841844929907
"4183",30.0376584494209,22.2167928350625,12.9921284541283
"4184",28.5410819687236,22.0389914640538,14.4783748597318
"4185",29.6624310467953,21.9547618408228,12.8286832227743
"4186",30.7890146411459,23.0403330782959,12.822510813383
"4187",30.3473961461768,23.7621122318405,15.2957929187167
"4188",30.9303311214788,23.342740247627,12.2129363584633
"4189",29.8965205897242,23.9473576443127,15.9852995355587
"4190",30.2890770808289,23.8539285415051,14.4542206220028
"4191",28.7588823895722,23.3081479894675,15.7488965530593
"4192",30.307981681965,23.7433802332842,14.2227194561189
"4193",29.5467902986579,22.0873179886585,14.1326261368734
"4194",29.2300457235587,22.9716058966627,15.8427530316303
"4195",30.3562489794318,23.4554437809941,13.8619208999487
"4196",28.6291430756864,21.5825734140639,14.0074863558245
"4197",30.3286890034572,22.457551515414,13.6025486022902
"4198",31.0690087808219,22.9980243133602,13.4760884371403
"4199",29.9377551259434,23.0698903506828,14.4690610997129
"4200",30.8654752707055,24.0987683421945,14.0550184525985
"4201",29.7160366890373,22.1176594895669,14.4165661329492
"4202",30.8917479532819,23.1838244613509,11.9501348026116
"4203",28.8678156646501,21.3742508178611,13.3334339254425
"4204",32.0198271338199,24.1052272512171,11.1655674964565
"4205",30.9308491266606,23.7331255227393,12.4029182236322
"4206",29.9189968256081,24.2809304689979,15.5319373073678
"4207",30.7262586406187,24.0726386962632,15.3177883151002
"4208",28.8680075886819,21.4041009288842,13.7601173652893
"4209",29.7640493577205,23.7321950405161,15.0741587206508
"4210",29.5018852350005,22.7834563183221,13.8961557475243
"4211",29.4659769498476,22.1703950026328,14.0999839505419
"4212",29.7003545272262,23.3459713631403,15.0119480404856
"4213",29.0070584256732,22.1597241182136,14.124518807975
"4214",29.6364192270164,22.9412727853237,15.34943129626
"4215",29.3151029306744,22.4807895230618,14.4893396671191
"4216",31.6645664191974,23.796134356444,12.7022435650924
"4217",30.7186959412253,24.4822187356147,13.8965253073911
"4218",32.2290828289663,24.9043730488818,13.3466815562146
"4219",30.3713910683286,22.9411620260219,13.4764202304903
"4220",28.7772955067591,21.5043199562318,14.2920398197261
"4221",30.8788866974497,23.939054206902,13.690932462125
"4222",30.1049204023216,22.5401325445443,14.9034718045607
"4223",29.9227706587429,22.3039448686802,14.3633586312077
"4224",29.6682123029431,22.9489664915606,14.2283605363042
"4225",30.2240312171842,22.8884977293167,12.6361802308473
"4226",30.8834256467116,23.2246843957501,13.7678037845524
"4227",30.5217914945192,23.6213603015534,13.663793105233
"4228",30.077972212832,22.7793972762598,13.6944667490716
"4229",28.637741204503,21.8077983284532,13.9339967076967
"4230",30.7141289508123,23.7612098629914,13.7525716559522
"4231",30.0407886930732,23.1825462023027,13.9298534713019
"4232",30.1278538272984,22.8566072702651,14.6028878989642
"4233",28.7458202237402,23.215149624369,15.4214219596447
"4234",29.9462698719073,23.3941176360419,13.5857624269375
"4235",29.4846762342122,22.2503289808956,13.972679761649
"4236",31.5050028812788,24.9654146823298,15.6691968233641
"4237",29.3384942781428,22.1954575896826,13.8230234916957
"4238",30.0177115265023,22.6311381342654,13.5336931810582
"4239",31.4292575190593,23.7987949718264,14.3565165550734
"4240",32.3315967395889,24.9624948311626,13.2172144812581
"4241",30.6413021243652,23.213230342966,14.5021073111459
"4242",29.08387063369,22.904410315064,14.8322284298391
"4243",29.6289172197213,23.6785336842404,16.8207556654726
"4244",29.9932866600344,24.0575844947358,14.9370668592175
"4245",29.9339105401689,23.2769281537146,14.9358091610318
"4246",29.763122134201,23.040261702705,14.3077994882612
"4247",30.6737388487276,23.5930066190108,13.361871472705
"4248",30.1836034185527,22.7472467951271,14.1765103044787
"4249",29.9672619978129,22.495369513825,13.0519742156053
"4250",30.4854245237572,24.1072968166723,14.4889988764314
"4251",30.2343225519312,22.6303430541255,14.8804803723429
"4252",30.1002798127337,22.7653304637435,15.5460822410072
"4253",29.3418700390987,22.3453242049417,13.0975841067134
"4254",29.5700964245667,22.0405010522817,14.0716861406777
"4255",29.8595352954222,22.0796319765674,13.2805301425795
"4256",29.8072934031714,22.5707627160299,13.9271075827473
"4257",30.1726937586495,23.0788658831927,14.2188571063608
"4258",29.780158984119,22.668598902446,15.0506702498419
"4259",31.5660333164533,23.9141414774359,14.082090602175
"4260",29.0761798684897,22.4868352659205,13.4442504655798
"4261",30.4924833771987,23.4716263396296,13.7434410632148
"4262",27.799429696592,20.5466737056252,13.7658280881054
"4263",30.9902249782723,23.2785217546813,14.4206136430288
"4264",32.9186842014527,25.6443105541691,13.7749991894635
"4265",28.5372518915494,21.4967552693645,13.1040938820238
"4266",30.6643385575654,23.7023095008779,14.6187731444768
"4267",28.9371877544564,23.2296091202539,14.8658978883793
"4268",29.8672459997588,22.929757236189,14.7490004910511
"4269",29.0047019215526,22.2452307254713,15.2176040809057
"4270",31.3777981172127,23.0309770335618,13.0425093136362
"4271",31.2175046738703,23.7092398709856,12.8028327199768
"4272",29.017628912733,22.4342804444976,15.6415182398236
"4273",30.9369700000456,24.0819462654116,14.4415643165496
"4274",31.3485992463459,24.3954734203311,13.1861065853452
"4275",29.0752319042837,22.6600794581689,14.7371671607055
"4276",29.6551400966938,24.0249998980728,15.5756455574083
"4277",27.9174036794723,20.9151569270441,14.9100520665185
"4278",29.7590337791457,22.4775340053601,13.7456534100894
"4279",30.2024473771486,23.2565723273096,13.2580996773299
"4280",30.433390201842,23.3484053922143,12.5994205242294
"4281",28.1482084280474,21.7704997829246,14.5918919179724
"4282",31.0368292791246,24.3782178645434,14.0820007288817
"4283",28.82873383668,23.0407292642165,14.0808800027457
"4284",29.4352637895754,22.632915627421,14.5022035541056
"4285",30.7813663911785,23.2502662488034,13.7896517983348
"4286",28.4845430030946,21.8099416344378,14.9000452875945
"4287",31.0549612267887,23.0898652712927,13.1202628799095
"4288",29.9569577096144,23.0032592758966,13.7465591394697
"4289",29.6624202248333,22.6065421602331,14.0923534261214
"4290",27.4982123312321,21.5924509276922,15.8650549729225
"4291",29.1522731012957,22.0201272669764,12.0314875143849
"4292",28.224040671236,22.2848851665965,16.7011487886031
"4293",30.8823897364911,23.2577822507191,13.1793185257083
"4294",31.695639525375,24.8999733182186,14.5557834965615
"4295",28.8354169757951,22.4042817257515,13.8564187290242
"4296",31.4525274065506,24.4746710914465,13.1825133704394
"4297",31.0605604396122,24.3771897145107,13.3667682872962
"4298",29.4135943591751,21.6619997161773,11.7780965537574
"4299",29.7782968064554,24.2377981050546,16.69020753148
"4300",28.9966001322134,22.4992757816202,14.416102418246
"4301",28.7414524805513,21.8189610067256,15.1406243397545
"4302",29.086847814812,22.0213714462019,13.6673119343098
"4303",29.5156630545487,22.5317507622535,13.3460447950858
"4304",29.1928779426237,23.2002259705023,15.3681706027102
"4305",29.984716679493,23.0101352379576,14.8799006311291
"4306",28.0845404043653,22.0826489761412,15.4797431207814
"4307",29.9997236011461,22.8041991308095,13.7281108858705
"4308",29.3875993039146,21.6907094749258,12.9993177624903
"4309",30.7212418426513,23.8176086257619,13.03722428016
"4310",30.1443373198514,23.3334600320755,15.7370301457169
"4311",31.9482030274857,24.2595826435247,11.8744092127179
"4312",29.8701230554044,23.4447842307607,15.7867692005911
"4313",31.0422324071479,24.5396684700547,12.8937227287924
"4314",30.0574273327084,22.6775736020711,12.3825727400285
"4315",30.6619477144176,22.4456087201972,13.0101133129329
"4316",28.8222148193628,22.467345717371,14.5182862141241
"4317",30.9863872779766,23.1398681446241,13.700518118617
"4318",30.8887542792395,22.524400906175,11.3664811920831
"4319",31.824770402095,24.71942145922,13.0195186358376
"4320",29.2745944396704,23.071702507604,15.6717219052504
"4321",28.7114614532076,22.1372254212658,13.8708986418683
"4322",29.9809833055676,23.925019291865,15.3503228367452
"4323",28.8519587342848,21.1934412743927,13.8933176937156
"4324",30.0883362047051,23.8923011692023,14.4649429009543
"4325",31.1166332350852,23.6447519751339,13.432588426437
"4326",29.6002464283745,23.2553683688866,14.8784813590274
"4327",29.4819489506341,21.6533101436292,12.4468611705481
"4328",31.2055837485201,24.6214618285327,13.6507829875978
"4329",31.6732989673767,24.8136463175081,14.90098969884
"4330",30.267695838282,22.3938477342715,13.3277962339732
"4331",29.4357721090096,23.2003760178117,15.7276692713707
"4332",32.382687897046,24.853936933583,12.9678502331918
"4333",31.3996329208799,24.5742891182782,12.8281726492068
"4334",30.140546029387,21.9577534241528,13.2021656362451
"4335",29.1214996071891,22.4085844496371,14.8122457937939
"4336",30.6940423482217,22.6782634791403,12.9502526053387
"4337",29.3730947297328,20.9735041314464,13.2096452827347
"4338",30.3240342467162,23.7171148902787,13.4438682990237
"4339",30.0275310195553,22.7093163507501,12.1702544158246
"4340",28.9496313735919,21.2705445495725,13.6407681932385
"4341",30.1449527142753,23.6422541181907,15.9292755670432
"4342",29.6836969311337,23.2637027131064,13.9173500583386
"4343",30.7780267825789,24.1664650942374,14.5376907341645
"4344",30.2272989861592,22.1429289950726,12.5577531769516
"4345",30.8773460852121,22.63362351792,11.7851072373855
"4346",31.5842245282899,25.0619748903996,14.3451598545167
"4347",30.6887208112155,24.1307764470208,13.694824059386
"4348",30.5436477683383,23.4461943728579,15.6755065891393
"4349",29.1799199571205,23.8086997342182,14.7661722859368
"4350",28.847706902677,21.4389385629692,12.0665989924778
"4351",30.0385696265089,23.2842363614463,15.232737924743
"4352",30.5315731758481,22.403481845736,13.1505217096991
"4353",29.1065781389887,21.8201186908843,14.3208386854958
"4354",27.8153372984414,20.7882063711408,15.0357193632349
"4355",30.0417342123036,22.8934518059987,13.2828509141887
"4356",28.9455501487222,21.6213867952946,13.6290232465301
"4357",29.9602258065665,22.1686481186791,14.3561146417869
"4358",30.3947533117857,22.8557551362622,14.3944328636848
"4359",32.268954049481,23.8139910004844,12.0551581659192
"4360",30.7110455057525,24.6465208280071,15.3578653061395
"4361",29.9273956893664,24.5024577091472,14.877890486507
"4362",30.7386989108946,24.1960914570273,13.1912860360474
"4363",31.7361509221635,22.9170832490868,12.2788300394942
"4364",30.2203632527112,23.8670637629768,14.8052342326504
"4365",28.8801679233557,22.9893303032603,16.1749273269502
"4366",30.9920116764778,23.3643626621695,12.676424718149
"4367",29.5997285857545,23.2136930148738,14.0605300161745
"4368",30.2761116961014,22.635364302299,12.5420424395321
"4369",29.1708509483438,22.1883094437153,13.7105585500173
"4370",30.095590001858,23.0453438869114,14.6931535998779
"4371",30.2784436661353,22.5729509226264,12.5759994200069
"4372",30.3569377770901,23.3603761147122,12.6499841996145
"4373",29.0636213264017,22.1585751554392,13.8788847267951
"4374",28.677272064121,22.0134681146695,13.6955045663054
"4375",30.1965981907122,22.7876474073225,14.1244605287602
"4376",26.8114349820186,20.0649536815942,14.8326510253309
"4377",30.3676649356407,22.0270942913351,12.2345383998299
"4378",27.3083010896435,19.8496262925309,13.6594401801299
"4379",30.0433983821707,23.2472601389811,14.0651310314444
"4380",30.9768236923613,25.0587722822282,13.7464283472471
"4381",31.4421045975138,24.6808309120693,15.0412820282613
"4382",30.8103507929816,23.9979972830055,14.3079172032031
"4383",28.5269354144214,21.7130446817912,14.3891886801092
"4384",28.2438596213533,21.7773932444584,15.0456253863273
"4385",29.7145065291373,22.1973181714669,13.0802242578665
"4386",30.0601590483961,21.6508549200055,12.005898869382
"4387",30.6145717497517,23.3114051516958,13.6466761423843
"4388",30.3433837691224,23.798732717891,13.3658536745399
"4389",30.8531677063614,23.2267630334033,13.0543591052421
"4390",31.2061090665359,22.7109536059609,11.7028776719719
"4391",30.7382211084393,22.8383687104114,12.5965430951694
"4392",30.710671306339,23.9375961509053,15.3394335717586
"4393",29.1396207036768,22.4928439356783,12.8914688144189
"4394",29.2292637700104,22.3283893575643,14.1921062182323
"4395",28.6297335557226,21.2908747531753,14.2184624210136
"4396",32.259095072921,25.8327714655992,14.8935208763965
"4397",29.5474390145729,22.5802563862812,14.2995285308006
"4398",30.2973035627061,23.9503188564697,15.9001268704351
"4399",30.4016986487178,23.441676130595,15.0197468208516
"4400",31.4946605387132,24.0510411243406,11.9493686614384
"4401",29.85862038818,23.2258379759834,14.0158656983195
"4402",30.5754580455991,24.003999579238,14.1419619998545
"4403",29.8796975778522,22.2694961000146,13.5867064211738
"4404",31.0929235661079,23.8527066196926,13.3012547117142
"4405",26.8291465823349,19.7826620256539,15.1135269414121
"4406",30.8647262908222,22.973020108041,11.9209673848631
"4407",30.2401556474846,22.5898319682714,11.7923630486185
"4408",31.6489394662091,23.4346213784273,13.1472654626641
"4409",30.7475028463669,23.0277420867372,14.5379989986809
"4410",27.8435937462413,21.5466758369237,15.6952367360813
"4411",30.2583289093759,22.6682781958199,11.4411554963044
"4412",29.8023389639791,22.019516525037,14.1498205728332
"4413",30.9612258669868,23.4945228103091,12.849276787804
"4414",28.669467398157,21.2880372871584,13.9386751863144
"4415",29.1207080018998,23.3001898575612,14.9141554060741
"4416",30.9503588822895,24.0516871316178,15.8964875102103
"4417",30.203699695317,22.2898202445386,13.9422315438409
"4418",30.4112122821198,23.3264187539057,13.9518352159826
"4419",29.5003517380132,21.9868254045968,12.4205898681683
"4420",30.0466900042876,25.2999761214029,16.1324227770119
"4421",29.4634142675702,22.6590216564991,14.0632489003173
"4422",28.5869112809604,21.7070605931441,15.2201960803012
"4423",28.9244285891867,21.8865724086429,14.8934621388742
"4424",29.6554165333092,22.3664608833476,12.8246135063163
"4425",30.0532350843176,22.4047724912635,14.4357781349534
"4426",29.8251182817852,21.9807783290117,12.9350732368916
"4427",29.1312246178001,22.2303691358375,14.361506209301
"4428",29.5555853689119,22.8220194138709,14.3846188725615
"4429",29.3538976422808,22.200977455909,13.1931861331404
"4430",29.3917678398427,21.9777363068809,12.8355548418993
"4431",29.8334279254114,22.7662156806419,14.1517135674009
"4432",29.2826752758219,22.408632299737,14.3003759456154
"4433",30.3004342811392,22.6506449476108,14.2892377313609
"4434",28.8653883148874,22.8686020407829,16.1272433465596
"4435",30.2885910491883,23.2997403185942,13.2077651873607
"4436",29.4002791300544,23.0293677810735,13.308721361179
"4437",30.3264272422448,22.3170417223738,13.2014938987121
"4438",30.760894732358,25.1017311976575,16.2471779666611
"4439",28.5609222099114,21.9572390312473,13.5088016442645
"4440",30.8138825896451,24.7583259592804,14.8281703314774
"4441",29.4345473556601,20.7908101736832,13.5068999333151
"4442",30.6211750913027,24.791490725854,14.8752388469176
"4443",30.9948011902436,23.9420392797714,14.0606988466414
"4444",28.7915323858729,22.3171983434554,13.2691323517933
"4445",29.9981683159781,23.2479890130836,14.2415313230229
"4446",31.7756033330289,25.0219891203715,14.5724114518667
"4447",28.4148719849594,22.0824105338705,15.2988198628836
"4448",32.3942715621439,25.3050363949713,13.4854727776337
"4449",30.6468194130945,23.5042070533023,13.3743001451072
"4450",31.8173406521323,23.4992246097418,12.0901229850431
"4451",30.6071413461438,23.135973762855,12.8951061764668
"4452",30.3825299251361,22.1257379882597,13.1536247305285
"4453",30.4517132283886,23.3750099632495,14.5650675454031
"4454",30.5700069734457,23.3686489254348,13.4133237034158
"4455",30.3827141991357,23.0966674268497,14.5433347407458
"4456",29.6888834040116,23.0564220201877,14.8143738817003
"4457",30.8382513235905,24.0405570437111,14.6274536349884
"4458",31.8044283670447,25.6350188407835,15.1084486598412
"4459",30.2118887397793,24.3332514830489,13.0111318273385
"4460",31.7515210725567,24.6801806894989,13.0840878271184
"4461",29.0840985766792,22.491100912659,13.3658508157102
"4462",28.0921375121358,21.8510075272584,15.8041377250698
"4463",31.1735243110316,23.8238333938359,13.2771755556564
"4464",30.9586811347492,23.6764285234602,13.7324901879044
"4465",30.9583585521345,23.4812852860728,13.1985357926106
"4466",29.7812997262194,21.7064495369646,14.2334445699223
"4467",29.9518736682808,23.0861378559184,14.2978285506698
"4468",29.7636093074801,22.0393849355426,13.3290013357759
"4469",29.1965032211451,22.6701448222447,15.1287138872825
"4470",30.2856369120989,21.9097140669951,13.1636249377163
"4471",29.6754630108818,22.7748285875773,15.0220522515541
"4472",31.4438196189924,23.5186934429847,13.1358549087935
"4473",29.6496386487184,23.142985013104,12.8924482002788
"4474",30.6338400737564,23.8883181198402,14.9760294342017
"4475",31.0731040672875,24.336412360743,13.5162623968284
"4476",31.334004070817,23.9230377312437,13.9642270709999
"4477",28.9482480279464,22.7560583363581,15.6009615408693
"4478",31.3623091559276,24.3131790912198,14.4290140034025
"4479",30.5019260877316,23.2309784747867,13.8528037109398
"4480",28.6525328845565,22.1856523437071,13.164334256724
"4481",29.4367202891791,23.0198903927726,14.2420247022839
"4482",29.271402391767,22.3875835132598,13.7759428733131
"4483",29.8090725792921,22.8521702983812,14.9763650708291
"4484",30.1427707834743,22.7702977034001,12.8479957204164
"4485",32.137375172024,24.7312437527497,12.6816878725302
"4486",30.4488328992147,24.5981131847321,16.5709866513477
"4487",31.2118382819406,24.7760428667684,14.8579678728767
"4488",30.1802274741889,23.1652362760795,12.7511398875972
"4489",28.4756731869402,20.5712430612229,14.3177212383552
"4490",29.7128285561911,22.9837024231177,13.8587640218872
"4491",30.7416963833192,23.3568460035717,13.0740245589632
"4492",28.9642595189616,22.6558739764757,15.044935143481
"4493",29.3333178758948,22.8208112515314,14.3004850831488
"4494",29.8189892686606,23.8271247351068,15.4213320527583
"4495",30.1778125319051,23.2076507604293,13.80688791094
"4496",29.7948645677777,23.7406526379665,14.6735284294481
"4497",30.4861931245081,22.7860145673818,14.5132979163185
"4498",29.4463496256964,21.946896468724,12.8086634957047
"4499",29.6530771914216,22.6413018301545,12.5524857592728
"4500",30.841176672048,23.3672708786195,14.0049693002737
"4501",29.2974433804306,21.5841954237798,12.5457035461158
"4502",30.6002466711199,23.391496287792,12.840381554254
"4503",28.5430312649787,22.2291414463116,14.9636434919952
"4504",30.8675762459197,24.1720869246985,14.3522837485282
"4505",28.9172231030502,22.5193232024751,13.5993672042354
"4506",28.7511310504934,21.9241298496197,14.4036138378087
"4507",29.3613534210607,21.0231620039633,13.4572193102723
"4508",29.5962155671251,23.542940941025,13.6210250154552
"4509",29.4149773598297,22.5947730684209,15.129633798197
"4510",32.0486761547212,25.3357287491875,14.6150045505518
"4511",30.2876055914511,21.5271305235125,13.2247773765288
"4512",29.9999238827674,23.0815240050572,13.5692224108638
"4513",29.3184956958706,22.5109160038206,13.9811788693591
"4514",29.8253257003485,23.0188832788989,14.1551196770662
"4515",28.8170866171339,21.3707279043601,13.1660571360017
"4516",29.9739238529771,23.3827037640416,14.0193986309743
"4517",29.277755584273,22.5235364344621,14.716638883499
"4518",30.455123471716,23.2828383498021,15.7092587259649
"4519",29.5354805397607,21.8852793194592,13.1409569360397
"4520",31.3611211688957,24.1227860409837,14.2755029869289
"4521",29.435016628649,22.3363062372896,13.876770377169
"4522",30.8235630566003,22.3806573261048,12.4185640130399
"4523",29.4161942337534,23.4726079146967,15.9602522385601
"4524",30.9312983416964,23.374658715396,12.7855607626278
"4525",29.3068830249713,22.451485459476,13.4003226671552
"4526",27.0972546250603,20.2404605315804,14.5721134046206
"4527",28.3815728141048,21.8423045501599,14.6877453963121
"4528",29.0771291856619,22.1431161762089,14.4260917518129
"4529",30.8643428262072,22.8138638272027,12.4479256751406
"4530",29.9775735537814,22.2009667234013,13.5098915988348
"4531",30.155467888527,23.3452317296041,14.5824318779607
"4532",32.4322046658705,24.0005932224137,12.7646414927971
"4533",30.247085147752,23.2703978882141,14.149347112166
"4534",30.2203385631716,23.3959583292783,13.9689181837633
"4535",30.1921852799695,23.2838151283817,14.9436354419062
"4536",30.3334724088689,23.8448384040609,14.3721104240168
"4537",29.3826466107424,22.5215190777074,14.5487644266865
"4538",28.0028749503371,21.7512429527551,15.5056888260119
"4539",28.5783326540219,22.3581081064135,14.5192793110766
"4540",29.5187567592251,21.9977842320458,13.4557739080128
"4541",29.8565702129892,22.9241893057801,13.6365724127391
"4542",29.8866700305007,22.7492271437659,13.3315964825851
"4543",28.8161943721025,21.7830462548769,13.5663072825074
"4544",28.711932812079,22.2914616321749,15.5409387567557
"4545",30.0283256665655,24.3606191831604,14.5611524756979
"4546",28.4858836474923,22.8227565707458,14.3499956572103
"4547",31.3338088726315,23.8810078856094,13.7478206169832
"4548",31.4846839682447,23.7518909134299,13.7944411919832
"4549",28.5808349321488,21.2939216892077,14.0199984632094
"4550",29.988637278633,23.1023851271399,14.5037105505433
"4551",30.2882878441272,22.2307204420645,12.8205575868456
"4552",28.8937881237853,21.8976944253978,13.0634980377593
"4553",29.9201093675979,23.6422289642402,14.4702946646069
"4554",30.8696074604252,23.4391002518643,12.9557094663439
"4555",30.2018031351767,22.8130033856685,14.9575610353333
"4556",31.7718269203801,24.4442271741198,13.6483329375894
"4557",30.6435348208259,23.3211834121397,14.1728708036607
"4558",30.7074314596804,22.5521155025533,14.0029197987289
"4559",31.119313520486,24.3884027066473,12.9719797068326
"4560",29.6693632712418,23.5257115004381,15.654942957374
"4561",30.2798022100619,23.9279799456121,13.2009483744318
"4562",28.5916296930531,23.1093576993386,16.5932497455849
"4563",30.0463310442218,23.5411948421033,14.056028578217
"4564",31.2356830388158,23.8189334563844,13.8062124427471
"4565",29.5777637267879,23.1503710887066,14.5468733045539
"4566",29.8925058261195,23.4325117724301,14.6311569168956
"4567",30.0578859059577,22.3577635730248,12.4857671038668
